2018-06-13 16:20:50.003000,-0.015625,0.0,-0.96875
2018-06-13 16:20:50.013000,-0.015625,0.0,-0.984375
2018-06-13 16:20:50.022000,-0.015625,0.0,-0.96875
2018-06-13 16:20:50.032000,-0.015625,0.0,-0.984375
2018-06-13 16:20:50.042000,-0.015625,0.0,-0.984375
2018-06-13 16:20:50.052000,-0.015625,0.0,-0.96875
2018-06-13 16:20:50.062000,-0.015625,0.0,-0.96875
2018-06-13 16:20:50.071000,-0.015625,0.0,-0.984375
2018-06-13 16:20:50.081000,-0.015625,0.0,-0.984375
2018-06-13 16:20:50.091000,-0.015625,0.0,-0.984375
2018-06-13 16:20:50.100000,-0.015625,0.0,-0.984375
2018-06-13 16:20:50.110000,-0.015625,0.0,-0.96875
2018-06-13 16:20:50.120000,-0.015625,0.0,-0.96875
2018-06-13 16:20:50.130000,-0.015625,0.0,-0.984375
2018-06-13 16:20:50.140000,-0.015625,0.0,-0.984375
2018-06-13 16:20:50.149000,-0.015625,0.0,-0.984375
2018-06-13 16:20:50.159000,-0.015625,0.0,-0.984375
2018-06-13 16:20:50.169000,-0.015625,0.0,-0.984375
2018-06-13 16:20:50.178000,-0.015625,0.0,-0.984375
2018-06-13 16:20:50.188000,-0.015625,0.0,-0.984375
2018-06-13 16:20:50.198000,-0.015625,0.0,-0.984375
2018-06-13 16:20:50.208000,-0.015625,0.0,-0.96875
2018-06-13 16:20:50.218000,-0.015625,0.0,-0.984375
2018-06-13 16:20:50.227000,-0.015625,0.0,-0.96875
2018-06-13 16:20:50.237000,-0.015625,0.0,-0.96875
2018-06-13 16:20:50.247000,-0.015625,0.015625,-0.96875
2018-06-13 16:20:50.256000,-0.015625,0.0,-0.96875
2018-06-13 16:20:50.266000,-0.015625,0.0,-0.984375
2018-06-13 16:20:50.276000,-0.015625,0.0,-0.96875
2018-06-13 16:20:50.286000,-0.015625,0.0,-0.984375
2018-06-13 16:20:50.296000,-0.015625,0.0,-0.984375
2018-06-13 16:20:50.305000,-0.015625,0.0,-0.984375
2018-06-13 16:20:50.315000,-0.015625,0.0,-0.984375
2018-06-13 16:20:50.325000,-0.015625,0.0,-0.984375
2018-06-13 16:20:50.335000,-0.015625,0.0,-0.984375
2018-06-13 16:20:50.344000,-0.015625,0.0,-0.96875
2018-06-13 16:20:50.354000,-0.015625,0.0,-0.984375
2018-06-13 16:20:50.364000,-0.015625,0.0,-0.984375
2018-06-13 16:20:50.374000,-0.015625,0.0,-0.984375
2018-06-13 16:20:50.383000,-0.015625,0.0,-0.984375
2018-06-13 16:20:50.393000,-0.015625,0.0,-0.96875
2018-06-13 16:20:50.403000,-0.015625,0.0,-0.984375
2018-06-13 16:20:50.413000,-0.015625,0.0,-0.984375
2018-06-13 16:20:50.422000,-0.015625,0.0,-0.984375
2018-06-13 16:20:50.432000,-0.015625,0.0,-0.984375
2018-06-13 16:20:50.442000,-0.015625,0.0,-0.984375
2018-06-13 16:20:50.452000,-0.015625,0.0,-0.984375
2018-06-13 16:20:50.461000,-0.015625,0.0,-0.96875
2018-06-13 16:20:50.471000,-0.015625,0.0,-0.984375
2018-06-13 16:20:50.481000,-0.015625,0.0,-0.984375
2018-06-13 16:20:50.491000,-0.015625,0.0,-0.984375
2018-06-13 16:20:50.500000,-0.015625,0.0,-0.984375
2018-06-13 16:20:50.510000,-0.015625,0.0,-0.984375
2018-06-13 16:20:50.520000,-0.015625,0.0,-0.984375
2018-06-13 16:20:50.530000,-0.015625,0.0,-0.984375
2018-06-13 16:20:50.539000,-0.015625,0.0,-0.984375
2018-06-13 16:20:50.549000,-0.015625,0.0,-0.96875
2018-06-13 16:20:50.559000,-0.015625,0.0,-0.984375
2018-06-13 16:20:50.569000,-0.015625,0.0,-0.984375
2018-06-13 16:20:50.578000,-0.015625,0.0,-0.96875
2018-06-13 16:20:50.588000,-0.015625,0.0,-0.984375
2018-06-13 16:20:50.598000,-0.015625,0.0,-0.984375
2018-06-13 16:20:50.607000,-0.015625,0.0,-0.984375
2018-06-13 16:20:50.617000,-0.015625,0.0,-0.984375
2018-06-13 16:20:50.627000,-0.015625,0.0,-0.984375
2018-06-13 16:20:50.637000,-0.015625,0.0,-0.984375
2018-06-13 16:20:50.647000,-0.015625,0.0,-0.96875
2018-06-13 16:20:50.656000,-0.015625,0.0,-0.984375
2018-06-13 16:20:50.666000,-0.015625,0.0,-0.96875
2018-06-13 16:20:50.676000,-0.015625,0.0,-0.984375
2018-06-13 16:20:50.685000,-0.015625,0.0,-0.984375
2018-06-13 16:20:50.695000,-0.015625,0.0,-0.984375
2018-06-13 16:20:50.705000,-0.015625,0.0,-0.984375
2018-06-13 16:20:50.715000,-0.015625,0.0,-0.984375
2018-06-13 16:20:50.725000,-0.015625,0.0,-0.96875
2018-06-13 16:20:50.734000,-0.015625,0.0,-0.984375
2018-06-13 16:20:50.744000,-0.015625,0.0,-0.984375
2018-06-13 16:20:50.754000,-0.015625,0.0,-0.96875
2018-06-13 16:20:50.763000,-0.015625,0.0,-0.984375
2018-06-13 16:20:50.773000,-0.015625,0.0,-0.984375
2018-06-13 16:20:50.783000,-0.015625,0.0,-0.984375
2018-06-13 16:20:50.793000,-0.015625,0.0,-0.984375
2018-06-13 16:20:50.803000,-0.015625,0.0,-0.984375
2018-06-13 16:20:50.812000,-0.015625,0.0,-0.984375
2018-06-13 16:20:50.822000,-0.015625,0.0,-0.984375
2018-06-13 16:20:50.832000,-0.015625,0.0,-0.984375
2018-06-13 16:20:50.842000,-0.015625,0.0,-0.984375
2018-06-13 16:20:50.851000,-0.015625,0.0,-0.984375
2018-06-13 16:20:50.861000,-0.015625,0.0,-0.984375
2018-06-13 16:20:50.871000,-0.015625,0.0,-0.96875
2018-06-13 16:20:50.881000,-0.015625,0.0,-0.984375
2018-06-13 16:20:50.890000,-0.015625,0.0,-0.984375
2018-06-13 16:20:50.900000,-0.015625,0.0,-0.984375
2018-06-13 16:20:50.910000,-0.015625,0.0,-0.984375
2018-06-13 16:20:50.920000,-0.015625,0.0,-0.984375
2018-06-13 16:20:50.929000,-0.015625,0.0,-0.984375
2018-06-13 16:20:50.939000,-0.015625,0.0,-0.984375
2018-06-13 16:20:50.949000,-0.015625,0.0,-0.984375
2018-06-13 16:20:50.959000,-0.015625,0.0,-0.96875
2018-06-13 16:20:50.968000,-0.015625,0.0,-0.984375
2018-06-13 16:20:50.978000,-0.015625,0.0,-0.96875
2018-06-13 16:20:50.988000,-0.015625,0.0,-0.984375
2018-06-13 16:20:50.998000,0.0,0.0,-0.984375
2018-06-13 16:20:51.007000,-0.015625,0.0,-0.984375
2018-06-13 16:20:51.017000,-0.015625,0.0,-0.984375
2018-06-13 16:20:51.027000,-0.015625,0.0,-0.984375
2018-06-13 16:20:51.037000,-0.015625,0.0,-0.96875
2018-06-13 16:20:51.046000,-0.015625,0.0,-0.984375
2018-06-13 16:20:51.056000,-0.015625,0.0,-0.96875
2018-06-13 16:20:51.066000,-0.015625,0.0,-0.984375
2018-06-13 16:20:51.076000,-0.015625,0.0,-0.984375
2018-06-13 16:20:51.085000,-0.015625,0.0,-0.96875
2018-06-13 16:20:51.095000,-0.015625,0.0,-0.96875
2018-06-13 16:20:51.105000,-0.015625,0.0,-0.984375
2018-06-13 16:20:51.115000,-0.015625,0.0,-0.984375
2018-06-13 16:20:51.124000,-0.015625,0.0,-0.984375
2018-06-13 16:20:51.134000,-0.03125,0.0,-0.984375
2018-06-13 16:20:51.144000,-0.015625,0.0,-0.984375
2018-06-13 16:20:51.154000,-0.015625,0.0,-0.984375
2018-06-13 16:20:51.163000,-0.03125,0.0,-0.984375
2018-06-13 16:20:51.173000,-0.015625,0.0,-0.984375
2018-06-13 16:20:51.183000,-0.015625,0.0,-0.984375
2018-06-13 16:20:51.192000,-0.015625,0.0,-0.984375
2018-06-13 16:20:51.202000,-0.015625,0.0,-0.984375
2018-06-13 16:20:51.212000,-0.015625,0.0,-0.984375
2018-06-13 16:20:51.222000,-0.03125,0.0,-0.96875
2018-06-13 16:20:51.232000,-0.015625,0.0,-0.984375
2018-06-13 16:20:51.241000,-0.015625,0.0,-0.984375
2018-06-13 16:20:51.251000,-0.015625,0.0,-0.984375
2018-06-13 16:20:51.261000,-0.015625,0.0,-0.984375
2018-06-13 16:20:51.270000,-0.015625,0.0,-0.984375
2018-06-13 16:20:51.280000,-0.015625,0.0,-0.984375
2018-06-13 16:20:51.290000,-0.015625,0.0,-0.984375
2018-06-13 16:20:51.300000,-0.015625,0.0,-0.984375
2018-06-13 16:20:51.310000,-0.015625,0.0,-0.984375
2018-06-13 16:20:51.319000,-0.015625,0.0,-0.984375
2018-06-13 16:20:51.329000,-0.015625,0.0,-0.984375
2018-06-13 16:20:51.339000,-0.015625,0.0,-0.984375
2018-06-13 16:20:51.348000,-0.015625,0.0,-0.984375
2018-06-13 16:20:51.358000,-0.015625,0.0,-0.984375
2018-06-13 16:20:51.368000,-0.015625,0.0,-0.984375
2018-06-13 16:20:51.377000,-0.015625,0.0,-0.96875
2018-06-13 16:20:51.387000,-0.015625,0.0,-0.984375
2018-06-13 16:20:51.397000,-0.015625,0.0,-0.984375
2018-06-13 16:20:51.406000,-0.015625,0.0,-0.96875
2018-06-13 16:20:51.416000,-0.015625,0.0,-0.984375
2018-06-13 16:20:51.426000,-0.015625,0.0,-0.984375
2018-06-13 16:20:51.435000,-0.015625,0.0,-0.984375
2018-06-13 16:20:51.445000,-0.015625,0.0,-0.984375
2018-06-13 16:20:51.454000,-0.015625,0.0,-0.984375
2018-06-13 16:20:51.464000,-0.015625,0.0,-0.984375
2018-06-13 16:20:51.474000,-0.015625,0.0,-0.96875
2018-06-13 16:20:51.484000,-0.015625,0.0,-0.984375
2018-06-13 16:20:51.493000,-0.015625,0.0,-0.984375
2018-06-13 16:20:51.503000,-0.015625,0.0,-0.96875
2018-06-13 16:20:51.513000,-0.015625,0.0,-0.984375
2018-06-13 16:20:51.522000,-0.015625,0.0,-0.984375
2018-06-13 16:20:51.532000,-0.015625,0.0,-0.984375
2018-06-13 16:20:51.541000,-0.015625,0.0,-0.96875
2018-06-13 16:20:51.551000,-0.03125,0.0,-0.984375
2018-06-13 16:20:51.561000,-0.015625,0.0,-0.984375
2018-06-13 16:20:51.571000,-0.015625,0.0,-0.984375
2018-06-13 16:20:51.580000,-0.015625,0.0,-0.984375
2018-06-13 16:20:51.590000,-0.015625,0.0,-0.984375
2018-06-13 16:20:51.600000,-0.015625,0.0,-0.984375
2018-06-13 16:20:51.609000,-0.015625,0.0,-0.984375
2018-06-13 16:20:51.619000,-0.015625,0.0,-0.984375
2018-06-13 16:20:51.629000,-0.015625,0.0,-0.96875
2018-06-13 16:20:51.638000,-0.015625,0.0,-0.984375
2018-06-13 16:20:51.648000,-0.015625,0.0,-0.984375
2018-06-13 16:20:51.658000,-0.015625,0.0,-0.984375
2018-06-13 16:20:51.667000,-0.015625,0.0,-0.984375
2018-06-13 16:20:51.677000,-0.015625,0.0,-0.984375
2018-06-13 16:20:51.687000,-0.015625,0.0,-0.984375
2018-06-13 16:20:51.696000,-0.015625,0.0,-0.984375
2018-06-13 16:20:51.706000,-0.015625,0.0,-0.96875
2018-06-13 16:20:51.716000,-0.015625,0.0,-0.96875
2018-06-13 16:20:51.725000,-0.015625,0.0,-0.984375
2018-06-13 16:20:51.735000,-0.015625,0.0,-0.984375
2018-06-13 16:20:51.744000,-0.015625,0.0,-0.984375
2018-06-13 16:20:51.754000,-0.015625,0.0,-0.984375
2018-06-13 16:20:51.764000,-0.015625,0.0,-0.984375
2018-06-13 16:20:51.774000,-0.015625,0.0,-0.984375
2018-06-13 16:20:51.783000,-0.015625,0.0,-0.984375
2018-06-13 16:20:51.793000,-0.015625,0.0,-0.984375
2018-06-13 16:20:51.803000,-0.015625,0.0,-0.984375
2018-06-13 16:20:51.812000,-0.015625,0.0,-0.984375
2018-06-13 16:20:51.822000,-0.015625,0.0,-0.984375
2018-06-13 16:20:51.831000,-0.015625,0.0,-0.984375
2018-06-13 16:20:51.841000,-0.015625,0.0,-0.984375
2018-06-13 16:20:51.851000,-0.015625,0.0,-0.984375
2018-06-13 16:20:51.861000,-0.015625,0.0,-0.984375
2018-06-13 16:20:51.870000,-0.015625,0.0,-0.984375
2018-06-13 16:20:51.880000,-0.015625,0.0,-0.984375
2018-06-13 16:20:51.890000,-0.015625,0.0,-0.984375
2018-06-13 16:20:51.899000,-0.015625,0.0,-0.984375
2018-06-13 16:20:51.909000,-0.015625,0.0,-0.984375
2018-06-13 16:20:51.919000,-0.015625,0.0,-0.984375
2018-06-13 16:20:51.928000,-0.015625,0.0,-0.984375
2018-06-13 16:20:51.938000,-0.015625,0.0,-0.984375
2018-06-13 16:20:51.947000,-0.015625,0.0,-0.984375
2018-06-13 16:20:51.957000,-0.015625,0.0,-0.984375
2018-06-13 16:20:51.967000,-0.015625,0.0,-0.984375
2018-06-13 16:20:51.977000,-0.015625,0.0,-0.984375
2018-06-13 16:20:51.986000,-0.015625,0.0,-0.984375
2018-06-13 16:20:51.996000,-0.03125,0.0,-0.984375
2018-06-13 16:20:52.006000,-0.015625,0.0,-0.984375
2018-06-13 16:20:52.015000,-0.015625,0.0,-0.984375
2018-06-13 16:20:52.025000,-0.015625,0.0,-0.96875
2018-06-13 16:20:52.034000,-0.015625,0.0,-0.984375
2018-06-13 16:20:52.044000,-0.015625,0.0,-0.984375
2018-06-13 16:20:52.054000,-0.015625,0.0,-0.984375
2018-06-13 16:20:52.064000,-0.015625,0.0,-0.984375
2018-06-13 16:20:52.073000,-0.015625,0.0,-0.984375
2018-06-13 16:20:52.083000,-0.015625,0.0,-0.984375
2018-06-13 16:20:52.093000,-0.015625,0.0,-0.984375
2018-06-13 16:20:52.102000,-0.015625,0.0,-0.984375
2018-06-13 16:20:52.112000,-0.015625,0.0,-0.96875
2018-06-13 16:20:52.121000,-0.015625,0.0,-0.96875
2018-06-13 16:20:52.131000,-0.015625,0.0,-0.984375
2018-06-13 16:20:52.141000,-0.015625,0.0,-0.96875
2018-06-13 16:20:52.151000,-0.015625,0.0,-0.984375
2018-06-13 16:20:52.160000,-0.015625,0.0,-0.984375
2018-06-13 16:20:52.170000,-0.015625,0.0,-0.984375
2018-06-13 16:20:52.180000,-0.015625,0.0,-0.984375
2018-06-13 16:20:52.189000,-0.015625,0.0,-0.984375
2018-06-13 16:20:52.199000,-0.015625,0.0,-0.984375
2018-06-13 16:20:52.208000,-0.015625,0.0,-0.984375
2018-06-13 16:20:52.218000,-0.015625,0.0,-0.96875
2018-06-13 16:20:52.228000,-0.015625,0.0,-0.96875
2018-06-13 16:20:52.237000,-0.015625,0.0,-0.984375
2018-06-13 16:20:52.247000,-0.015625,0.0,-0.984375
2018-06-13 16:20:52.257000,-0.015625,0.0,-0.984375
2018-06-13 16:20:52.267000,-0.015625,0.0,-0.984375
2018-06-13 16:20:52.276000,-0.015625,0.0,-0.984375
2018-06-13 16:20:52.286000,-0.015625,0.0,-0.984375
2018-06-13 16:20:52.295000,-0.015625,0.0,-0.984375
2018-06-13 16:20:52.305000,-0.015625,0.0,-0.96875
2018-06-13 16:20:52.315000,-0.015625,0.015625,-0.984375
2018-06-13 16:20:52.324000,-0.015625,0.0,-0.984375
2018-06-13 16:20:52.334000,-0.03125,0.015625,-0.96875
2018-06-13 16:20:52.344000,-0.015625,0.0,-0.984375
2018-06-13 16:20:52.354000,-0.015625,0.0,-0.984375
2018-06-13 16:20:52.363000,-0.015625,0.0,-0.984375
2018-06-13 16:20:52.373000,-0.015625,0.0,-0.984375
2018-06-13 16:20:52.383000,-0.015625,0.0,-0.984375
2018-06-13 16:20:52.392000,-0.015625,0.0,-0.984375
2018-06-13 16:20:52.402000,-0.015625,0.0,-0.984375
2018-06-13 16:20:52.411000,-0.015625,0.0,-0.984375
2018-06-13 16:20:52.421000,-0.015625,0.0,-0.984375
2018-06-13 16:20:52.431000,-0.015625,0.0,-0.984375
2018-06-13 16:20:52.441000,-0.015625,0.0,-0.984375
2018-06-13 16:20:52.450000,-0.015625,0.0,-0.984375
2018-06-13 16:20:52.460000,-0.015625,0.0,-0.984375
2018-06-13 16:20:52.470000,-0.015625,0.0,-0.984375
2018-06-13 16:20:52.479000,-0.03125,0.0,-0.984375
2018-06-13 16:20:52.489000,-0.015625,0.0,-0.984375
2018-06-13 16:20:52.499000,-0.015625,0.0,-0.96875
2018-06-13 16:20:52.508000,-0.03125,0.0,-0.96875
2018-06-13 16:20:52.518000,-0.015625,0.0,-0.984375
2018-06-13 16:20:52.528000,-0.015625,0.0,-0.984375
2018-06-13 16:20:52.538000,-0.015625,0.0,-0.984375
2018-06-13 16:20:52.548000,-0.03125,0.0,-0.96875
2018-06-13 16:20:52.557000,-0.015625,0.0,-0.984375
2018-06-13 16:20:52.567000,-0.03125,0.0,-0.984375
2018-06-13 16:20:52.577000,-0.015625,0.0,-0.96875
2018-06-13 16:20:52.586000,-0.015625,0.0,-0.984375
2018-06-13 16:20:52.596000,-0.015625,0.0,-0.984375
2018-06-13 16:20:52.606000,-0.015625,0.0,-0.984375
2018-06-13 16:20:52.616000,-0.015625,0.0,-0.96875
2018-06-13 16:20:52.625000,-0.015625,0.0,-0.984375
2018-06-13 16:20:52.635000,-0.015625,0.0,-0.96875
2018-06-13 16:20:52.645000,-0.015625,0.0,-0.984375
2018-06-13 16:20:52.655000,-0.015625,0.0,-0.984375
2018-06-13 16:20:52.664000,-0.015625,0.0,-0.984375
2018-06-13 16:20:52.674000,-0.015625,0.0,-0.984375
2018-06-13 16:20:52.684000,-0.015625,0.0,-0.984375
2018-06-13 16:20:52.694000,-0.015625,0.0,-0.96875
2018-06-13 16:20:52.704000,-0.015625,0.0,-0.984375
2018-06-13 16:20:52.713000,-0.015625,0.0,-0.96875
2018-06-13 16:20:52.723000,-0.015625,0.0,-0.984375
2018-06-13 16:20:52.733000,-0.015625,0.0,-0.984375
2018-06-13 16:20:52.743000,-0.015625,0.0,-0.984375
2018-06-13 16:20:52.752000,-0.015625,0.0,-0.96875
2018-06-13 16:20:52.762000,-0.015625,0.0,-0.96875
2018-06-13 16:20:52.772000,-0.015625,0.0,-0.984375
2018-06-13 16:20:52.781000,-0.015625,0.0,-0.984375
2018-06-13 16:20:52.791000,-0.015625,0.0,-0.984375
2018-06-13 16:20:52.801000,-0.015625,0.0,-0.984375
2018-06-13 16:20:52.811000,-0.015625,0.0,-0.984375
2018-06-13 16:20:52.821000,-0.015625,0.0,-0.96875
2018-06-13 16:20:52.830000,-0.015625,0.0,-0.984375
2018-06-13 16:20:52.840000,-0.015625,0.0,-0.96875
2018-06-13 16:20:52.850000,-0.015625,0.0,-0.96875
2018-06-13 16:20:52.860000,-0.03125,0.0,-0.96875
2018-06-13 16:20:52.869000,-0.015625,0.015625,-0.96875
2018-06-13 16:20:52.879000,-0.015625,0.0,-0.984375
2018-06-13 16:20:52.889000,-0.03125,0.0,-0.984375
2018-06-13 16:20:52.899000,-0.015625,0.0,-0.984375
2018-06-13 16:20:52.908000,-0.015625,0.0,-0.984375
2018-06-13 16:20:52.918000,-0.015625,0.0,-0.984375
2018-06-13 16:20:52.928000,-0.015625,0.0,-0.984375
2018-06-13 16:20:52.937000,-0.03125,0.0,-0.984375
2018-06-13 16:20:52.947000,-0.015625,0.0,-0.96875
2018-06-13 16:20:52.957000,-0.015625,0.0,-0.984375
2018-06-13 16:20:52.967000,-0.015625,0.0,-0.984375
2018-06-13 16:20:52.977000,-0.015625,0.0,-0.96875
2018-06-13 16:20:52.986000,-0.015625,0.0,-0.984375
2018-06-13 16:20:52.996000,-0.015625,0.0,-0.984375
2018-06-13 16:20:53.006000,-0.015625,0.0,-0.984375
2018-06-13 16:20:53.015000,-0.015625,0.0,-0.984375
2018-06-13 16:20:53.025000,-0.015625,0.0,-0.96875
2018-06-13 16:20:53.035000,-0.015625,0.0,-0.984375
2018-06-13 16:20:53.045000,-0.015625,0.0,-0.96875
2018-06-13 16:20:53.055000,-0.015625,0.015625,-0.984375
2018-06-13 16:20:53.064000,-0.015625,0.015625,-0.96875
2018-06-13 16:20:53.074000,-0.015625,0.0,-0.96875
2018-06-13 16:20:53.084000,-0.015625,0.015625,-0.984375
2018-06-13 16:20:53.093000,-0.015625,0.0,-0.96875
2018-06-13 16:20:53.103000,-0.015625,0.0,-0.984375
2018-06-13 16:20:53.113000,-0.015625,0.0,-0.96875
2018-06-13 16:20:53.123000,-0.015625,0.0,-0.984375
2018-06-13 16:20:53.133000,-0.015625,0.0,-0.984375
2018-06-13 16:20:53.142000,-0.015625,0.0,-0.984375
2018-06-13 16:20:53.152000,-0.015625,0.0,-0.984375
2018-06-13 16:20:53.162000,-0.03125,0.0,-0.984375
2018-06-13 16:20:53.171000,-0.015625,0.0,-0.984375
2018-06-13 16:20:53.181000,-0.015625,0.0,-0.984375
2018-06-13 16:20:53.191000,-0.015625,0.0,-0.984375
2018-06-13 16:20:53.201000,-0.03125,0.0,-0.984375
2018-06-13 16:20:53.211000,-0.015625,0.0,-0.984375
2018-06-13 16:20:53.220000,-0.015625,0.0,-0.984375
2018-06-13 16:20:53.230000,-0.015625,0.0,-0.984375
2018-06-13 16:20:53.240000,-0.015625,0.0,-0.96875
2018-06-13 16:20:53.250000,-0.015625,0.0,-0.96875
2018-06-13 16:20:53.259000,-0.015625,0.0,-0.984375
2018-06-13 16:20:53.269000,-0.015625,0.0,-0.96875
2018-06-13 16:20:53.279000,-0.015625,0.0,-0.984375
2018-06-13 16:20:53.288000,-0.015625,0.0,-0.984375
2018-06-13 16:20:53.298000,-0.015625,0.0,-0.984375
2018-06-13 16:20:53.308000,-0.015625,0.0,-0.984375
2018-06-13 16:20:53.318000,-0.015625,0.0,-0.96875
2018-06-13 16:20:53.328000,-0.015625,0.0,-0.984375
2018-06-13 16:20:53.337000,-0.015625,0.0,-0.96875
2018-06-13 16:20:53.347000,-0.015625,0.0,-0.96875
2018-06-13 16:20:53.357000,-0.015625,0.0,-0.984375
2018-06-13 16:20:53.367000,-0.015625,0.015625,-0.984375
2018-06-13 16:20:53.376000,-0.015625,0.0,-0.96875
2018-06-13 16:20:53.386000,-0.015625,0.0,-0.96875
2018-06-13 16:20:53.396000,-0.015625,0.0,-0.96875
2018-06-13 16:20:53.406000,-0.015625,0.0,-0.984375
2018-06-13 16:20:53.415000,-0.015625,0.0,-0.984375
2018-06-13 16:20:53.425000,-0.015625,0.0,-0.984375
2018-06-13 16:20:53.435000,-0.015625,0.0,-0.984375
2018-06-13 16:20:53.444000,-0.015625,0.0,-0.96875
2018-06-13 16:20:53.454000,-0.015625,0.0,-0.984375
2018-06-13 16:20:53.464000,-0.03125,0.0,-0.984375
2018-06-13 16:20:53.474000,-0.015625,0.0,-0.984375
2018-06-13 16:20:53.484000,-0.015625,0.0,-0.984375
2018-06-13 16:20:53.493000,-0.015625,0.0,-0.984375
2018-06-13 16:20:53.503000,-0.015625,0.0,-0.984375
2018-06-13 16:20:53.513000,-0.015625,0.0,-0.984375
2018-06-13 16:20:53.522000,-0.015625,0.0,-0.984375
2018-06-13 16:20:53.532000,-0.03125,0.0,-0.984375
2018-06-13 16:20:53.542000,-0.015625,0.0,-0.96875
2018-06-13 16:20:53.552000,-0.015625,0.0,-0.984375
2018-06-13 16:20:53.562000,-0.015625,0.0,-0.984375
2018-06-13 16:20:53.571000,-0.015625,0.0,-0.984375
2018-06-13 16:20:53.581000,-0.015625,0.0,-0.984375
2018-06-13 16:20:53.591000,-0.015625,0.0,-0.96875
2018-06-13 16:20:53.600000,-0.015625,0.0,-0.984375
2018-06-13 16:20:53.610000,-0.015625,0.0,-0.984375
2018-06-13 16:20:53.620000,-0.015625,0.0,-0.984375
2018-06-13 16:20:53.630000,-0.015625,0.0,-0.96875
2018-06-13 16:20:53.640000,-0.015625,0.0,-0.984375
2018-06-13 16:20:53.649000,-0.015625,0.0,-0.984375
2018-06-13 16:20:53.659000,-0.015625,0.0,-0.984375
2018-06-13 16:20:53.669000,-0.015625,0.0,-0.984375
2018-06-13 16:20:53.678000,-0.015625,0.0,-0.96875
2018-06-13 16:20:53.688000,-0.015625,0.0,-0.984375
2018-06-13 16:20:53.698000,-0.015625,0.0,-0.984375
2018-06-13 16:20:53.708000,-0.015625,0.0,-0.984375
2018-06-13 16:20:53.718000,-0.015625,0.0,-0.984375
2018-06-13 16:20:53.727000,-0.015625,0.0,-0.984375
2018-06-13 16:20:53.737000,-0.015625,0.0,-0.984375
2018-06-13 16:20:53.747000,-0.015625,0.0,-0.96875
2018-06-13 16:20:53.757000,-0.015625,0.0,-0.984375
2018-06-13 16:20:53.766000,-0.015625,0.0,-0.96875
2018-06-13 16:20:53.776000,-0.015625,0.0,-0.984375
2018-06-13 16:20:53.786000,-0.015625,0.0,-0.96875
2018-06-13 16:20:53.795000,-0.015625,0.0,-0.984375
2018-06-13 16:20:53.805000,-0.015625,0.0,-0.984375
2018-06-13 16:20:53.815000,-0.015625,0.0,-0.984375
2018-06-13 16:20:53.825000,-0.03125,0.0,-0.984375
2018-06-13 16:20:53.835000,-0.015625,0.0,-0.984375
2018-06-13 16:20:53.844000,-0.015625,0.0,-0.96875
2018-06-13 16:20:53.854000,-0.015625,0.0,-0.96875
2018-06-13 16:20:53.864000,-0.015625,0.0,-0.984375
2018-06-13 16:20:53.874000,-0.015625,0.0,-0.96875
2018-06-13 16:20:53.883000,-0.015625,0.0,-0.984375
2018-06-13 16:20:53.893000,-0.015625,0.0,-0.984375
2018-06-13 16:20:53.903000,-0.015625,0.0,-0.984375
2018-06-13 16:20:53.913000,-0.015625,0.0,-0.96875
2018-06-13 16:20:53.922000,-0.015625,0.0,-0.984375
2018-06-13 16:20:53.932000,-0.015625,0.0,-0.984375
2018-06-13 16:20:53.942000,-0.015625,0.0,-0.984375
2018-06-13 16:20:53.951000,-0.015625,0.0,-0.984375
2018-06-13 16:20:53.961000,-0.015625,0.0,-0.984375
2018-06-13 16:20:53.971000,-0.015625,0.0,-0.96875
2018-06-13 16:20:53.981000,-0.015625,0.0,-0.984375
2018-06-13 16:20:53.991000,-0.015625,0.0,-0.984375
2018-06-13 16:20:54,-0.015625,0.0,-0.984375
2018-06-13 16:20:54.010000,-0.015625,0.0,-0.984375
2018-06-13 16:20:54.020000,-0.015625,0.0,-0.984375
2018-06-13 16:20:54.030000,-0.015625,0.0,-0.984375
2018-06-13 16:20:54.039000,-0.015625,0.0,-0.984375
2018-06-13 16:20:54.049000,-0.015625,0.0,-0.984375
2018-06-13 16:20:54.059000,-0.015625,0.0,-0.984375
2018-06-13 16:20:54.069000,-0.015625,0.0,-0.984375
2018-06-13 16:20:54.078000,-0.015625,0.0,-0.984375
2018-06-13 16:20:54.088000,-0.015625,0.0,-0.984375
2018-06-13 16:20:54.098000,-0.015625,0.0,-0.984375
2018-06-13 16:20:54.107000,-0.015625,0.0,-0.984375
2018-06-13 16:20:54.117000,-0.015625,0.0,-0.984375
2018-06-13 16:20:54.127000,-0.015625,0.0,-0.984375
2018-06-13 16:20:54.137000,-0.015625,0.0,-0.984375
2018-06-13 16:20:54.147000,-0.03125,0.015625,-0.984375
2018-06-13 16:20:54.156000,-0.015625,0.0,-0.96875
2018-06-13 16:20:54.166000,-0.015625,0.0,-0.984375
2018-06-13 16:20:54.176000,-0.015625,0.0,-0.984375
2018-06-13 16:20:54.185000,-0.015625,0.0,-0.984375
2018-06-13 16:20:54.195000,-0.015625,0.0,-0.984375
2018-06-13 16:20:54.205000,-0.015625,0.0,-0.984375
2018-06-13 16:20:54.215000,-0.015625,0.0,-0.984375
2018-06-13 16:20:54.225000,-0.03125,0.0,-0.984375
2018-06-13 16:20:54.234000,-0.015625,0.0,-0.984375
2018-06-13 16:20:54.244000,-0.03125,0.0,-0.96875
2018-06-13 16:20:54.254000,-0.015625,0.0,-0.96875
2018-06-13 16:20:54.263000,-0.015625,0.0,-0.984375
2018-06-13 16:20:54.273000,-0.015625,0.0,-0.96875
2018-06-13 16:20:54.283000,-0.015625,0.0,-0.96875
2018-06-13 16:20:54.293000,-0.015625,0.0,-0.984375
2018-06-13 16:20:54.303000,-0.015625,0.0,-0.984375
2018-06-13 16:20:54.312000,-0.015625,0.0,-0.984375
2018-06-13 16:20:54.322000,-0.015625,0.0,-0.984375
2018-06-13 16:20:54.332000,-0.015625,0.0,-0.984375
2018-06-13 16:20:54.342000,-0.03125,0.0,-0.96875
2018-06-13 16:20:54.351000,-0.03125,0.0,-0.96875
2018-06-13 16:20:54.361000,-0.015625,0.0,-0.984375
2018-06-13 16:20:54.371000,-0.015625,0.0,-0.96875
2018-06-13 16:20:54.381000,-0.015625,0.0,-0.984375
2018-06-13 16:20:54.390000,-0.015625,0.0,-0.984375
2018-06-13 16:20:54.400000,-0.015625,0.0,-0.984375
2018-06-13 16:20:54.410000,-0.015625,0.0,-0.984375
2018-06-13 16:20:54.420000,-0.015625,0.0,-0.984375
2018-06-13 16:20:54.429000,-0.015625,0.0,-0.984375
2018-06-13 16:20:54.439000,-0.015625,0.0,-0.984375
2018-06-13 16:20:54.449000,-0.03125,0.0,-0.984375
2018-06-13 16:20:54.458000,-0.015625,0.0,-0.984375
2018-06-13 16:20:54.468000,-0.015625,0.0,-0.984375
2018-06-13 16:20:54.478000,-0.015625,0.0,-0.984375
2018-06-13 16:20:54.488000,-0.015625,0.0,-0.96875
2018-06-13 16:20:54.498000,-0.015625,0.0,-0.984375
2018-06-13 16:20:54.507000,-0.015625,0.0,-0.984375
2018-06-13 16:20:54.517000,-0.015625,0.0,-0.984375
2018-06-13 16:20:54.527000,-0.03125,0.0,-0.96875
2018-06-13 16:20:54.537000,-0.015625,0.0,-0.984375
2018-06-13 16:20:54.546000,-0.015625,0.0,-0.96875
2018-06-13 16:20:54.556000,-0.015625,0.0,-0.984375
2018-06-13 16:20:54.566000,-0.015625,0.0,-0.984375
2018-06-13 16:20:54.576000,-0.015625,0.0,-0.96875
2018-06-13 16:20:54.585000,-0.015625,0.0,-0.984375
2018-06-13 16:20:54.595000,-0.015625,0.0,-0.984375
2018-06-13 16:20:54.605000,-0.015625,0.0,-0.984375
2018-06-13 16:20:54.614000,-0.015625,0.0,-0.984375
2018-06-13 16:20:54.624000,-0.015625,0.0,-0.984375
2018-06-13 16:20:54.634000,-0.015625,0.0,-0.984375
2018-06-13 16:20:54.644000,-0.015625,0.0,-0.984375
2018-06-13 16:20:54.654000,-0.015625,0.0,-0.96875
2018-06-13 16:20:54.663000,-0.015625,0.0,-0.984375
2018-06-13 16:20:54.673000,-0.015625,0.0,-0.984375
2018-06-13 16:20:54.683000,-0.015625,0.0,-0.984375
2018-06-13 16:20:54.692000,-0.015625,0.0,-0.984375
2018-06-13 16:20:54.702000,-0.015625,0.0,-0.984375
2018-06-13 16:20:54.712000,-0.015625,0.0,-0.96875
2018-06-13 16:20:54.722000,-0.015625,0.0,-0.96875
2018-06-13 16:20:54.732000,-0.015625,0.0,-0.96875
2018-06-13 16:20:54.741000,-0.015625,0.0,-0.984375
2018-06-13 16:20:54.751000,-0.015625,0.0,-0.984375
2018-06-13 16:20:54.761000,-0.03125,0.0,-0.984375
2018-06-13 16:20:54.770000,-0.015625,0.0,-0.984375
2018-06-13 16:20:54.780000,-0.015625,0.0,-0.984375
2018-06-13 16:20:54.790000,-0.015625,0.0,-0.984375
2018-06-13 16:20:54.800000,-0.015625,0.0,-0.984375
2018-06-13 16:20:54.810000,-0.015625,0.0,-0.984375
2018-06-13 16:20:54.819000,-0.015625,0.0,-0.984375
2018-06-13 16:20:54.829000,-0.015625,0.0,-0.984375
2018-06-13 16:20:54.839000,-0.03125,0.0,-0.984375
2018-06-13 16:20:54.849000,-0.015625,0.0,-0.984375
2018-06-13 16:20:54.858000,-0.015625,0.0,-0.984375
2018-06-13 16:20:54.868000,-0.015625,0.0,-0.96875
2018-06-13 16:20:54.878000,-0.015625,0.0,-0.96875
2018-06-13 16:20:54.888000,-0.015625,0.0,-0.96875
2018-06-13 16:20:54.897000,-0.015625,0.0,-0.96875
2018-06-13 16:20:54.907000,-0.015625,0.0,-0.984375
2018-06-13 16:20:54.917000,-0.015625,0.0,-0.984375
2018-06-13 16:20:54.927000,-0.015625,0.0,-0.984375
2018-06-13 16:20:54.936000,-0.015625,0.0,-0.984375
2018-06-13 16:20:54.946000,-0.015625,0.0,-0.984375
2018-06-13 16:20:54.956000,-0.015625,0.0,-0.96875
2018-06-13 16:20:54.965000,-0.015625,0.0,-0.984375
2018-06-13 16:20:54.975000,-0.03125,0.0,-0.984375
2018-06-13 16:20:54.985000,-0.015625,0.0,-0.984375
2018-06-13 16:20:54.995000,-0.015625,0.0,-0.984375
2018-06-13 16:20:55.005000,-0.015625,0.0,-0.984375
2018-06-13 16:20:55.014000,-0.015625,0.0,-0.984375
2018-06-13 16:20:55.024000,-0.015625,0.0,-0.984375
2018-06-13 16:20:55.034000,-0.015625,0.0,-0.984375
2018-06-13 16:20:55.044000,-0.015625,0.0,-0.984375
2018-06-13 16:20:55.053000,-0.015625,0.0,-0.984375
2018-06-13 16:20:55.063000,-0.015625,0.0,-0.984375
2018-06-13 16:20:55.073000,-0.015625,0.0,-0.984375
2018-06-13 16:20:55.083000,-0.015625,0.0,-0.984375
2018-06-13 16:20:55.092000,-0.015625,0.0,-0.984375
2018-06-13 16:20:55.102000,-0.015625,0.0,-0.984375
2018-06-13 16:20:55.112000,-0.015625,0.0,-0.984375
2018-06-13 16:20:55.121000,-0.015625,0.0,-0.96875
2018-06-13 16:20:55.131000,-0.015625,0.0,-0.984375
2018-06-13 16:20:55.141000,-0.015625,0.0,-0.96875
2018-06-13 16:20:55.151000,-0.015625,0.0,-0.984375
2018-06-13 16:20:55.161000,-0.015625,0.0,-0.96875
2018-06-13 16:20:55.170000,-0.015625,0.0,-0.984375
2018-06-13 16:20:55.180000,-0.015625,0.0,-0.984375
2018-06-13 16:20:55.190000,-0.015625,0.0,-0.984375
2018-06-13 16:20:55.199000,-0.015625,0.0,-0.984375
2018-06-13 16:20:55.209000,-0.015625,0.015625,-0.984375
2018-06-13 16:20:55.219000,-0.015625,0.0,-0.984375
2018-06-13 16:20:55.229000,-0.015625,0.0,-0.984375
2018-06-13 16:20:55.239000,-0.015625,0.0,-0.984375
2018-06-13 16:20:55.248000,-0.015625,0.0,-0.984375
2018-06-13 16:20:55.258000,-0.015625,0.0,-0.984375
2018-06-13 16:20:55.268000,-0.015625,0.0,-0.984375
2018-06-13 16:20:55.277000,-0.015625,0.0,-0.984375
2018-06-13 16:20:55.287000,-0.015625,0.0,-0.96875
2018-06-13 16:20:55.297000,-0.015625,0.0,-0.984375
2018-06-13 16:20:55.307000,-0.015625,0.0,-0.984375
2018-06-13 16:20:55.317000,-0.03125,0.0,-0.984375
2018-06-13 16:20:55.326000,-0.015625,0.0,-0.984375
2018-06-13 16:20:55.336000,-0.015625,0.0,-0.984375
2018-06-13 16:20:55.346000,-0.015625,0.0,-0.984375
2018-06-13 16:20:55.355000,-0.015625,0.0,-0.984375
2018-06-13 16:20:55.365000,-0.015625,0.0,-0.96875
2018-06-13 16:20:55.375000,-0.015625,0.0,-0.984375
2018-06-13 16:20:55.385000,-0.015625,0.0,-0.984375
2018-06-13 16:20:55.395000,-0.015625,0.0,-0.96875
2018-06-13 16:20:55.404000,-0.015625,0.0,-0.96875
2018-06-13 16:20:55.414000,-0.015625,0.0,-0.96875
2018-06-13 16:20:55.424000,-0.015625,0.0,-0.96875
2018-06-13 16:20:55.434000,-0.03125,0.0,-0.984375
2018-06-13 16:20:55.443000,-0.015625,0.0,-0.984375
2018-06-13 16:20:55.453000,-0.015625,0.0,-0.984375
2018-06-13 16:20:55.463000,-0.015625,0.0,-0.984375
2018-06-13 16:20:55.472000,-0.015625,0.0,-0.984375
2018-06-13 16:20:55.482000,-0.015625,0.0,-0.984375
2018-06-13 16:20:55.492000,-0.015625,0.0,-0.984375
2018-06-13 16:20:55.502000,-0.015625,0.0,-0.96875
2018-06-13 16:20:55.512000,-0.015625,0.0,-0.984375
2018-06-13 16:20:55.521000,-0.015625,0.0,-0.984375
2018-06-13 16:20:55.531000,-0.015625,0.0,-0.984375
2018-06-13 16:20:55.541000,-0.015625,0.0,-0.984375
2018-06-13 16:20:55.551000,-0.015625,0.0,-0.96875
2018-06-13 16:20:55.560000,-0.015625,0.0,-0.984375
2018-06-13 16:20:55.570000,-0.015625,0.0,-0.96875
2018-06-13 16:20:55.580000,-0.015625,0.0,-0.984375
2018-06-13 16:20:55.590000,-0.015625,0.0,-0.984375
2018-06-13 16:20:55.599000,-0.015625,0.0,-0.984375
2018-06-13 16:20:55.609000,-0.015625,0.0,-0.984375
2018-06-13 16:20:55.619000,-0.015625,0.0,-0.984375
2018-06-13 16:20:55.628000,-0.015625,0.0,-0.96875
2018-06-13 16:20:55.638000,-0.03125,0.0,-0.984375
2018-06-13 16:20:55.648000,-0.015625,0.0,-0.96875
2018-06-13 16:20:55.658000,-0.015625,0.0,-0.96875
2018-06-13 16:20:55.668000,-0.015625,0.0,-0.984375
2018-06-13 16:20:55.677000,-0.015625,0.0,-0.96875
2018-06-13 16:20:55.687000,-0.015625,0.015625,-0.984375
2018-06-13 16:20:55.697000,-0.015625,0.0,-0.984375
2018-06-13 16:20:55.706000,-0.015625,0.0,-0.984375
2018-06-13 16:20:55.716000,-0.015625,0.0,-0.96875
2018-06-13 16:20:55.726000,-0.015625,0.0,-0.984375
2018-06-13 16:20:55.736000,-0.015625,0.0,-0.984375
2018-06-13 16:20:55.746000,-0.015625,0.0,-0.96875
2018-06-13 16:20:55.755000,-0.015625,0.0,-0.984375
2018-06-13 16:20:55.765000,-0.015625,0.0,-0.984375
2018-06-13 16:20:55.775000,-0.015625,0.0,-0.984375
2018-06-13 16:20:55.784000,-0.015625,0.0,-0.96875
2018-06-13 16:20:55.794000,-0.015625,0.0,-0.984375
2018-06-13 16:20:55.804000,-0.03125,0.0,-0.984375
2018-06-13 16:20:55.814000,-0.03125,0.0,-0.984375
2018-06-13 16:20:55.824000,-0.015625,0.0,-0.96875
2018-06-13 16:20:55.833000,-0.03125,0.0,-0.984375
2018-06-13 16:20:55.843000,-0.015625,0.0,-0.96875
2018-06-13 16:20:55.853000,-0.015625,0.0,-0.984375
2018-06-13 16:20:55.862000,-0.015625,0.0,-0.96875
2018-06-13 16:20:55.872000,-0.015625,0.0,-0.984375
2018-06-13 16:20:55.882000,-0.03125,0.0,-0.96875
2018-06-13 16:20:55.892000,-0.015625,0.0,-0.984375
2018-06-13 16:20:55.902000,-0.015625,0.0,-0.984375
2018-06-13 16:20:55.911000,-0.015625,0.015625,-0.984375
2018-06-13 16:20:55.921000,-0.03125,0.0,-0.984375
2018-06-13 16:20:55.931000,-0.015625,0.0,-0.96875
2018-06-13 16:20:55.941000,-0.015625,0.0,-0.96875
2018-06-13 16:20:55.950000,-0.015625,0.0,-0.984375
2018-06-13 16:20:55.960000,-0.015625,0.0,-0.984375
2018-06-13 16:20:55.970000,-0.015625,0.0,-0.984375
2018-06-13 16:20:55.979000,-0.015625,0.0,-0.96875
2018-06-13 16:20:55.989000,-0.015625,0.0,-0.984375
2018-06-13 16:20:55.999000,-0.015625,0.0,-0.984375
2018-06-13 16:20:56.009000,-0.015625,0.0,-0.96875
2018-06-13 16:20:56.019000,-0.015625,0.015625,-0.96875
2018-06-13 16:20:56.028000,-0.015625,0.0,-0.984375
2018-06-13 16:20:56.038000,-0.015625,0.0,-0.984375
2018-06-13 16:20:56.048000,-0.015625,0.0,-0.984375
2018-06-13 16:20:56.058000,-0.015625,0.0,-0.984375
2018-06-13 16:20:56.067000,-0.015625,0.0,-0.984375
2018-06-13 16:20:56.077000,-0.015625,0.0,-0.984375
2018-06-13 16:20:56.087000,-0.015625,0.015625,-0.984375
2018-06-13 16:20:56.097000,-0.015625,0.0,-0.96875
2018-06-13 16:20:56.106000,-0.015625,0.0,-0.984375
2018-06-13 16:20:56.116000,-0.015625,0.0,-0.984375
2018-06-13 16:20:56.126000,-0.015625,0.0,-0.984375
2018-06-13 16:20:56.135000,-0.03125,0.015625,-0.96875
2018-06-13 16:20:56.145000,-0.015625,0.0,-0.984375
2018-06-13 16:20:56.155000,-0.015625,0.015625,-0.984375
2018-06-13 16:20:56.165000,-0.015625,0.015625,-0.96875
2018-06-13 16:20:56.175000,-0.015625,0.015625,-0.984375
2018-06-13 16:20:56.184000,-0.015625,0.0,-0.984375
2018-06-13 16:20:56.194000,-0.015625,0.0,-0.984375
2018-06-13 16:20:56.204000,-0.015625,0.0,-0.96875
2018-06-13 16:20:56.213000,-0.015625,0.0,-0.984375
2018-06-13 16:20:56.223000,-0.015625,0.0,-0.984375
2018-06-13 16:20:56.233000,-0.015625,0.0,-0.984375
2018-06-13 16:20:56.243000,-0.015625,0.0,-0.984375
2018-06-13 16:20:56.253000,-0.015625,0.0,-0.96875
2018-06-13 16:20:56.262000,-0.015625,0.0,-0.96875
2018-06-13 16:20:56.272000,-0.015625,0.0,-0.96875
2018-06-13 16:20:56.282000,-0.015625,0.0,-0.96875
2018-06-13 16:20:56.291000,-0.015625,0.0,-0.984375
2018-06-13 16:20:56.301000,-0.015625,0.0,-0.96875
2018-06-13 16:20:56.311000,-0.015625,0.0,-0.984375
2018-06-13 16:20:56.321000,-0.015625,0.0,-0.984375
2018-06-13 16:20:56.331000,-0.015625,0.0,-0.96875
2018-06-13 16:20:56.340000,-0.015625,0.0,-0.984375
2018-06-13 16:20:56.350000,-0.015625,0.0,-0.96875
2018-06-13 16:20:56.360000,-0.015625,0.015625,-0.96875
2018-06-13 16:20:56.369000,-0.015625,0.0,-0.96875
2018-06-13 16:20:56.379000,-0.015625,0.0,-0.96875
2018-06-13 16:20:56.389000,-0.015625,0.0,-0.96875
2018-06-13 16:20:56.399000,-0.015625,0.0,-0.984375
2018-06-13 16:20:56.409000,-0.015625,0.0,-0.984375
2018-06-13 16:20:56.418000,-0.015625,0.0,-0.984375
2018-06-13 16:20:56.428000,-0.015625,0.015625,-0.984375
2018-06-13 16:20:56.438000,-0.015625,0.0,-0.984375
2018-06-13 16:20:56.447000,-0.015625,0.0,-0.96875
2018-06-13 16:20:56.457000,-0.015625,0.0,-0.984375
2018-06-13 16:20:56.467000,-0.015625,0.0,-0.984375
2018-06-13 16:20:56.477000,-0.015625,0.0,-0.984375
2018-06-13 16:20:56.486000,-0.015625,0.0,-0.984375
2018-06-13 16:20:56.496000,-0.015625,0.0,-0.984375
2018-06-13 16:20:56.506000,-0.015625,0.0,-0.984375
2018-06-13 16:20:56.516000,-0.015625,0.0,-0.984375
2018-06-13 16:20:56.526000,-0.015625,0.0,-0.96875
2018-06-13 16:20:56.535000,-0.015625,0.0,-0.984375
2018-06-13 16:20:56.545000,-0.015625,0.0,-0.96875
2018-06-13 16:20:56.555000,-0.015625,0.0,-0.984375
2018-06-13 16:20:56.565000,-0.03125,0.0,-0.984375
2018-06-13 16:20:56.574000,-0.015625,0.0,-0.984375
2018-06-13 16:20:56.584000,-0.015625,0.015625,-0.96875
2018-06-13 16:20:56.594000,-0.015625,0.0,-0.96875
2018-06-13 16:20:56.604000,-0.015625,0.0,-0.984375
2018-06-13 16:20:56.613000,-0.015625,0.0,-0.96875
2018-06-13 16:20:56.623000,-0.015625,0.0,-0.984375
2018-06-13 16:20:56.633000,-0.015625,0.015625,-0.984375
2018-06-13 16:20:56.642000,-0.015625,0.0,-0.984375
2018-06-13 16:20:56.652000,-0.015625,0.0,-0.96875
2018-06-13 16:20:56.662000,-0.015625,0.0,-0.984375
2018-06-13 16:20:56.672000,-0.015625,0.0,-0.96875
2018-06-13 16:20:56.682000,-0.015625,0.0,-0.984375
2018-06-13 16:20:56.691000,-0.015625,0.0,-0.96875
2018-06-13 16:20:56.701000,-0.015625,0.0,-0.984375
2018-06-13 16:20:56.711000,-0.015625,0.0,-0.984375
2018-06-13 16:20:56.720000,-0.015625,0.0,-0.984375
2018-06-13 16:20:56.730000,-0.015625,0.0,-0.984375
2018-06-13 16:20:56.740000,-0.015625,0.0,-0.984375
2018-06-13 16:20:56.750000,-0.015625,0.0,-0.984375
2018-06-13 16:20:56.760000,-0.015625,0.0,-0.984375
2018-06-13 16:20:56.769000,-0.015625,0.0,-0.984375
2018-06-13 16:20:56.779000,-0.015625,0.015625,-0.96875
2018-06-13 16:20:56.789000,-0.015625,0.0,-0.984375
2018-06-13 16:20:56.798000,-0.015625,0.0,-0.984375
2018-06-13 16:20:56.808000,-0.015625,0.0,-0.984375
2018-06-13 16:20:56.818000,-0.03125,0.0,-0.984375
2018-06-13 16:20:56.828000,-0.015625,0.0,-0.984375
2018-06-13 16:20:56.838000,-0.015625,0.0,-0.96875
2018-06-13 16:20:56.847000,-0.015625,0.0,-0.984375
2018-06-13 16:20:56.857000,-0.015625,0.0,-0.984375
2018-06-13 16:20:56.867000,-0.015625,0.0,-0.984375
2018-06-13 16:20:56.876000,-0.015625,0.0,-0.984375
2018-06-13 16:20:56.886000,-0.015625,0.0,-0.96875
2018-06-13 16:20:56.896000,-0.015625,0.0,-0.984375
2018-06-13 16:20:56.906000,-0.015625,0.0,-0.96875
2018-06-13 16:20:56.916000,-0.015625,0.0,-0.96875
2018-06-13 16:20:56.925000,-0.015625,0.0,-0.984375
2018-06-13 16:20:56.935000,-0.015625,0.0,-0.984375
2018-06-13 16:20:56.945000,-0.015625,0.0,-0.96875
2018-06-13 16:20:56.954000,-0.015625,0.0,-0.984375
2018-06-13 16:20:56.964000,-0.015625,0.0,-0.96875
2018-06-13 16:20:56.974000,-0.015625,0.0,-0.984375
2018-06-13 16:20:56.984000,-0.015625,0.0,-0.984375
2018-06-13 16:20:56.994000,-0.015625,0.0,-0.96875
2018-06-13 16:20:57.003000,-0.015625,0.0,-0.984375
2018-06-13 16:20:57.013000,-0.015625,0.0,-0.984375
2018-06-13 16:20:57.023000,-0.015625,0.0,-0.984375
2018-06-13 16:20:57.032000,-0.015625,0.0,-0.96875
2018-06-13 16:20:57.042000,-0.015625,0.0,-0.96875
2018-06-13 16:20:57.052000,-0.015625,0.0,-0.96875
2018-06-13 16:20:57.062000,-0.015625,0.0,-0.984375
2018-06-13 16:20:57.072000,-0.015625,0.0,-0.96875
2018-06-13 16:20:57.081000,-0.015625,0.0,-0.984375
2018-06-13 16:20:57.091000,-0.03125,0.0,-0.984375
2018-06-13 16:20:57.101000,-0.015625,0.0,-0.984375
2018-06-13 16:20:57.111000,-0.015625,0.0,-0.984375
2018-06-13 16:20:57.120000,-0.015625,0.0,-0.984375
2018-06-13 16:20:57.130000,-0.015625,0.0,-0.984375
2018-06-13 16:20:57.140000,-0.03125,0.0,-0.984375
2018-06-13 16:20:57.149000,-0.015625,0.0,-0.984375
2018-06-13 16:20:57.159000,-0.015625,0.0,-0.984375
2018-06-13 16:20:57.169000,-0.015625,0.0,-0.984375
2018-06-13 16:20:57.178000,-0.015625,0.0,-0.96875
2018-06-13 16:20:57.188000,-0.015625,0.0,-0.96875
2018-06-13 16:20:57.198000,-0.015625,0.0,-0.984375
2018-06-13 16:20:57.208000,-0.015625,0.0,-0.984375
2018-06-13 16:20:57.217000,-0.015625,0.0,-0.984375
2018-06-13 16:20:57.227000,-0.015625,0.0,-0.984375
2018-06-13 16:20:57.236000,-0.015625,0.0,-0.984375
2018-06-13 16:20:57.246000,-0.015625,0.0,-0.984375
2018-06-13 16:20:57.256000,-0.015625,0.0,-0.984375
2018-06-13 16:20:57.265000,-0.03125,0.0,-0.96875
2018-06-13 16:20:57.275000,-0.015625,0.0,-0.984375
2018-06-13 16:20:57.285000,-0.015625,0.0,-0.984375
2018-06-13 16:20:57.295000,-0.015625,0.0,-0.984375
2018-06-13 16:20:57.304000,-0.015625,0.0,-0.984375
2018-06-13 16:20:57.314000,-0.015625,0.0,-0.984375
2018-06-13 16:20:57.324000,-0.03125,0.0,-0.96875
2018-06-13 16:20:57.333000,-0.015625,0.0,-0.96875
2018-06-13 16:20:57.343000,-0.015625,0.0,-0.984375
2018-06-13 16:20:57.353000,-0.015625,0.0,-0.96875
2018-06-13 16:20:57.362000,-0.015625,0.0,-0.984375
2018-06-13 16:20:57.372000,-0.015625,0.0,-0.96875
2018-06-13 16:20:57.381000,-0.015625,0.0,-0.984375
2018-06-13 16:20:57.391000,-0.015625,0.0,-0.984375
2018-06-13 16:20:57.401000,-0.015625,0.0,-0.984375
2018-06-13 16:20:57.411000,-0.015625,0.0,-0.984375
2018-06-13 16:20:57.420000,-0.015625,0.015625,-0.984375
2018-06-13 16:20:57.430000,-0.015625,0.0,-0.984375
2018-06-13 16:20:57.440000,-0.015625,0.0,-0.96875
2018-06-13 16:20:57.449000,-0.015625,0.0,-0.984375
2018-06-13 16:20:57.459000,-0.015625,0.015625,-0.96875
2018-06-13 16:20:57.468000,-0.015625,0.0,-0.984375
2018-06-13 16:20:57.478000,-0.015625,0.0,-0.984375
2018-06-13 16:20:57.488000,-0.015625,0.0,-0.984375
2018-06-13 16:20:57.498000,-0.015625,0.0,-0.984375
2018-06-13 16:20:57.507000,-0.015625,0.0,-0.984375
2018-06-13 16:20:57.517000,-0.015625,0.0,-0.96875
2018-06-13 16:20:57.527000,-0.015625,0.0,-0.96875
2018-06-13 16:20:57.536000,-0.015625,0.0,-0.984375
2018-06-13 16:20:57.546000,-0.015625,0.0,-0.984375
2018-06-13 16:20:57.555000,-0.015625,0.0,-0.96875
2018-06-13 16:20:57.565000,-0.015625,0.0,-0.984375
2018-06-13 16:20:57.575000,-0.015625,0.0,-0.984375
2018-06-13 16:20:57.585000,-0.015625,0.0,-0.984375
2018-06-13 16:20:57.594000,-0.015625,0.0,-0.984375
2018-06-13 16:20:57.604000,-0.015625,0.0,-0.984375
2018-06-13 16:20:57.614000,-0.015625,0.0,-0.984375
2018-06-13 16:20:57.623000,-0.015625,0.0,-0.96875
2018-06-13 16:20:57.633000,-0.03125,0.0,-0.984375
2018-06-13 16:20:57.642000,-0.015625,0.0,-0.984375
2018-06-13 16:20:57.652000,-0.015625,0.0,-0.96875
2018-06-13 16:20:57.662000,-0.015625,0.0,-0.984375
2018-06-13 16:20:57.671000,-0.03125,0.0,-0.984375
2018-06-13 16:20:57.681000,-0.015625,0.0,-0.984375
2018-06-13 16:20:57.691000,-0.015625,0.0,-0.96875
2018-06-13 16:20:57.701000,-0.015625,0.0,-0.984375
2018-06-13 16:20:57.710000,-0.015625,0.0,-0.984375
2018-06-13 16:20:57.720000,-0.015625,0.0,-0.984375
2018-06-13 16:20:57.729000,-0.015625,0.0,-0.984375
2018-06-13 16:20:57.739000,-0.015625,0.0,-0.984375
2018-06-13 16:20:57.749000,-0.015625,0.0,-0.984375
2018-06-13 16:20:57.758000,-0.015625,0.0,-0.984375
2018-06-13 16:20:57.768000,-0.015625,0.0,-0.984375
2018-06-13 16:20:57.778000,-0.015625,0.0,-0.984375
2018-06-13 16:20:57.788000,-0.015625,0.0,-0.984375
2018-06-13 16:20:57.797000,-0.015625,0.0,-0.984375
2018-06-13 16:20:57.807000,-0.015625,0.0,-0.96875
2018-06-13 16:20:57.817000,-0.015625,0.0,-0.96875
2018-06-13 16:20:57.826000,-0.015625,0.0,-0.96875
2018-06-13 16:20:57.836000,-0.015625,0.0,-0.984375
2018-06-13 16:20:57.846000,-0.015625,0.0,-0.984375
2018-06-13 16:20:57.855000,-0.015625,0.0,-0.984375
2018-06-13 16:20:57.865000,-0.015625,0.0,-0.96875
2018-06-13 16:20:57.875000,-0.015625,0.0,-0.984375
2018-06-13 16:20:57.884000,-0.015625,0.0,-0.984375
2018-06-13 16:20:57.894000,-0.015625,0.0,-0.984375
2018-06-13 16:20:57.904000,-0.03125,0.0,-0.984375
2018-06-13 16:20:57.913000,-0.015625,0.0,-0.984375
2018-06-13 16:20:57.923000,-0.015625,0.0,-0.984375
2018-06-13 16:20:57.933000,-0.015625,0.0,-0.984375
2018-06-13 16:20:57.942000,-0.015625,0.0,-0.984375
2018-06-13 16:20:57.952000,-0.015625,0.0,-0.984375
2018-06-13 16:20:57.961000,-0.015625,0.0,-0.96875
2018-06-13 16:20:57.971000,-0.015625,0.0,-0.984375
2018-06-13 16:20:57.981000,-0.015625,0.0,-0.984375
2018-06-13 16:20:57.991000,-0.015625,0.0,-0.96875
2018-06-13 16:20:58,-0.015625,0.0,-0.96875
2018-06-13 16:20:58.010000,-0.015625,0.0,-0.984375
2018-06-13 16:20:58.020000,-0.015625,0.0,-0.984375
2018-06-13 16:20:58.029000,-0.015625,0.0,-0.96875
2018-06-13 16:20:58.039000,-0.015625,0.0,-0.984375
2018-06-13 16:20:58.048000,-0.015625,0.0,-0.984375
2018-06-13 16:20:58.058000,-0.015625,0.0,-0.984375
2018-06-13 16:20:58.068000,-0.015625,0.0,-0.984375
2018-06-13 16:20:58.078000,-0.015625,0.0,-0.984375
2018-06-13 16:20:58.087000,-0.015625,0.0,-0.984375
2018-06-13 16:20:58.097000,-0.015625,0.0,-0.96875
2018-06-13 16:20:58.107000,-0.03125,0.0,-0.96875
2018-06-13 16:20:58.116000,-0.015625,0.0,-0.984375
2018-06-13 16:20:58.126000,-0.015625,0.0,-0.984375
2018-06-13 16:20:58.135000,-0.015625,0.0,-0.984375
2018-06-13 16:20:58.145000,-0.015625,0.0,-0.984375
2018-06-13 16:20:58.155000,-0.015625,0.0,-0.984375
2018-06-13 16:20:58.164000,-0.03125,0.0,-0.96875
2018-06-13 16:20:58.174000,-0.03125,0.0,-0.96875
2018-06-13 16:20:58.184000,-0.015625,0.015625,-0.984375
2018-06-13 16:20:58.194000,-0.015625,0.0,-0.984375
2018-06-13 16:20:58.203000,-0.015625,0.0,-0.984375
2018-06-13 16:20:58.213000,-0.015625,0.0,-0.984375
2018-06-13 16:20:58.223000,-0.015625,0.0,-0.984375
2018-06-13 16:20:58.232000,-0.015625,0.0,-0.984375
2018-06-13 16:20:58.242000,-0.015625,0.0,-0.96875
2018-06-13 16:20:58.251000,-0.015625,0.0,-0.984375
2018-06-13 16:20:58.261000,-0.015625,0.0,-0.96875
2018-06-13 16:20:58.271000,-0.015625,0.0,-0.96875
2018-06-13 16:20:58.281000,-0.015625,0.0,-0.984375
2018-06-13 16:20:58.290000,-0.015625,0.0,-0.984375
2018-06-13 16:20:58.300000,-0.015625,0.0,-0.984375
2018-06-13 16:20:58.310000,-0.03125,0.0,-0.984375
2018-06-13 16:20:58.319000,-0.015625,0.0,-0.984375
2018-06-13 16:20:58.329000,-0.015625,0.0,-0.96875
2018-06-13 16:20:58.339000,-0.015625,0.0,-0.984375
2018-06-13 16:20:58.348000,-0.015625,0.0,-0.984375
2018-06-13 16:20:58.358000,-0.015625,0.0,-0.984375
2018-06-13 16:20:58.368000,-0.03125,0.0,-0.984375
2018-06-13 16:20:58.378000,-0.015625,0.0,-0.984375
2018-06-13 16:20:58.388000,-0.015625,0.0,-0.984375
2018-06-13 16:20:58.397000,-0.015625,0.0,-0.984375
2018-06-13 16:20:58.407000,-0.015625,0.0,-0.984375
2018-06-13 16:20:58.417000,-0.015625,0.0,-0.984375
2018-06-13 16:20:58.427000,-0.015625,0.0,-0.984375
2018-06-13 16:20:58.436000,-0.015625,0.0,-0.96875
2018-06-13 16:20:58.446000,-0.015625,0.0,-0.96875
2018-06-13 16:20:58.456000,-0.015625,0.0,-0.984375
2018-06-13 16:20:58.465000,-0.03125,0.0,-0.984375
2018-06-13 16:20:58.475000,-0.03125,0.0,-0.984375
2018-06-13 16:20:58.485000,-0.015625,0.0,-0.984375
2018-06-13 16:20:58.495000,-0.015625,0.0,-0.984375
2018-06-13 16:20:58.505000,-0.015625,0.0,-0.984375
2018-06-13 16:20:58.514000,-0.015625,0.0,-0.984375
2018-06-13 16:20:58.524000,-0.015625,0.0,-0.984375
2018-06-13 16:20:58.534000,-0.015625,0.0,-0.984375
2018-06-13 16:20:58.544000,-0.015625,0.0,-0.96875
2018-06-13 16:20:58.553000,-0.015625,0.0,-0.984375
2018-06-13 16:20:58.563000,-0.015625,0.0,-0.984375
2018-06-13 16:20:58.573000,-0.03125,0.0,-0.984375
2018-06-13 16:20:58.583000,-0.015625,0.0,-0.984375
2018-06-13 16:20:58.592000,-0.015625,0.0,-0.984375
2018-06-13 16:20:58.602000,-0.015625,0.0,-0.984375
2018-06-13 16:20:58.612000,-0.015625,0.0,-0.984375
2018-06-13 16:20:58.621000,-0.03125,0.0,-0.96875
2018-06-13 16:20:58.631000,-0.015625,0.0,-0.984375
2018-06-13 16:20:58.641000,-0.015625,0.0,-0.984375
2018-06-13 16:20:58.651000,-0.015625,0.0,-0.984375
2018-06-13 16:20:58.661000,-0.015625,0.0,-0.96875
2018-06-13 16:20:58.670000,-0.015625,0.015625,-0.984375
2018-06-13 16:20:58.680000,-0.015625,0.0,-0.984375
2018-06-13 16:20:58.690000,-0.015625,0.0,-0.96875
2018-06-13 16:20:58.699000,-0.015625,0.0,-0.96875
2018-06-13 16:20:58.709000,-0.015625,0.0,-0.984375
2018-06-13 16:20:58.719000,-0.03125,0.0,-0.984375
2018-06-13 16:20:58.729000,-0.015625,0.0,-0.984375
2018-06-13 16:20:58.739000,-0.015625,0.0,-0.984375
2018-06-13 16:20:58.748000,-0.03125,0.0,-0.96875
2018-06-13 16:20:58.758000,-0.015625,0.0,-0.984375
2018-06-13 16:20:58.768000,-0.015625,0.0,-0.984375
2018-06-13 16:20:58.777000,-0.015625,0.0,-0.96875
2018-06-13 16:20:58.787000,-0.015625,0.0,-0.984375
2018-06-13 16:20:58.797000,-0.015625,0.0,-0.984375
2018-06-13 16:20:58.807000,-0.015625,0.0,-0.984375
2018-06-13 16:20:58.817000,-0.015625,0.0,-0.984375
2018-06-13 16:20:58.826000,-0.03125,0.0,-0.984375
2018-06-13 16:20:58.836000,-0.015625,0.0,-0.96875
2018-06-13 16:20:58.846000,-0.015625,0.0,-0.984375
2018-06-13 16:20:58.855000,-0.015625,0.0,-0.984375
2018-06-13 16:20:58.865000,-0.015625,0.0,-0.984375
2018-06-13 16:20:58.875000,-0.015625,0.0,-0.96875
2018-06-13 16:20:58.885000,-0.015625,0.0,-0.984375
2018-06-13 16:20:58.895000,-0.03125,0.0,-0.96875
2018-06-13 16:20:58.904000,-0.03125,0.0,-0.984375
2018-06-13 16:20:58.914000,-0.015625,0.0,-0.984375
2018-06-13 16:20:58.924000,-0.015625,0.0,-0.96875
2018-06-13 16:20:58.934000,-0.015625,0.0,-0.984375
2018-06-13 16:20:58.943000,-0.015625,0.0,-0.984375
2018-06-13 16:20:58.953000,-0.015625,0.0,-0.984375
2018-06-13 16:20:58.963000,-0.015625,0.0,-0.96875
2018-06-13 16:20:58.972000,-0.015625,0.0,-0.984375
2018-06-13 16:20:58.982000,-0.03125,0.0,-0.984375
2018-06-13 16:20:58.992000,-0.015625,0.0,-0.984375
2018-06-13 16:20:59.002000,-0.015625,0.0,-0.984375
2018-06-13 16:20:59.012000,-0.015625,0.0,-0.984375
2018-06-13 16:20:59.021000,-0.03125,0.0,-0.96875
2018-06-13 16:20:59.031000,-0.015625,0.0,-0.984375
2018-06-13 16:20:59.041000,-0.015625,0.0,-0.96875
2018-06-13 16:20:59.051000,-0.015625,0.0,-0.984375
2018-06-13 16:20:59.060000,-0.015625,0.0,-0.984375
2018-06-13 16:20:59.070000,-0.015625,0.0,-0.96875
2018-06-13 16:20:59.080000,-0.03125,0.0,-0.984375
2018-06-13 16:20:59.090000,-0.015625,0.0,-0.984375
2018-06-13 16:20:59.099000,-0.015625,0.0,-0.96875
2018-06-13 16:20:59.109000,-0.015625,0.0,-0.984375
2018-06-13 16:20:59.119000,-0.015625,0.0,-0.96875
2018-06-13 16:20:59.128000,-0.015625,0.0,-0.984375
2018-06-13 16:20:59.138000,-0.015625,0.0,-0.96875
2018-06-13 16:20:59.148000,-0.015625,0.0,-0.984375
2018-06-13 16:20:59.158000,-0.015625,0.0,-0.984375
2018-06-13 16:20:59.168000,-0.015625,0.0,-0.984375
2018-06-13 16:20:59.177000,-0.015625,0.0,-0.984375
2018-06-13 16:20:59.187000,-0.015625,0.0,-0.984375
2018-06-13 16:20:59.197000,-0.015625,0.0,-0.984375
2018-06-13 16:20:59.206000,-0.015625,0.0,-0.984375
2018-06-13 16:20:59.216000,-0.015625,0.0,-0.96875
2018-06-13 16:20:59.226000,-0.015625,0.0,-0.96875
2018-06-13 16:20:59.236000,-0.03125,0.0,-0.96875
2018-06-13 16:20:59.246000,-0.015625,0.0,-0.984375
2018-06-13 16:20:59.255000,-0.015625,0.0,-0.984375
2018-06-13 16:20:59.265000,-0.015625,0.0,-0.984375
2018-06-13 16:20:59.275000,-0.015625,0.0,-0.96875
2018-06-13 16:20:59.284000,-0.015625,0.0,-0.984375
2018-06-13 16:20:59.294000,-0.03125,0.0,-0.984375
2018-06-13 16:20:59.304000,-0.015625,0.0,-0.984375
2018-06-13 16:20:59.314000,-0.015625,0.0,-0.96875
2018-06-13 16:20:59.324000,-0.015625,0.0,-0.96875
2018-06-13 16:20:59.333000,-0.015625,0.0,-0.984375
2018-06-13 16:20:59.343000,-0.015625,0.0,-0.984375
2018-06-13 16:20:59.353000,-0.015625,0.0,-0.984375
2018-06-13 16:20:59.362000,-0.03125,0.0,-0.96875
2018-06-13 16:20:59.372000,-0.015625,0.0,-0.96875
2018-06-13 16:20:59.382000,-0.015625,0.0,-0.96875
2018-06-13 16:20:59.392000,-0.015625,0.0,-0.96875
2018-06-13 16:20:59.402000,-0.015625,0.0,-0.984375
2018-06-13 16:20:59.411000,-0.015625,0.0,-0.984375
2018-06-13 16:20:59.421000,-0.015625,0.0,-0.984375
2018-06-13 16:20:59.431000,-0.015625,0.0,-0.96875
2018-06-13 16:20:59.441000,-0.03125,0.0,-0.984375
2018-06-13 16:20:59.450000,-0.015625,0.0,-0.984375
2018-06-13 16:20:59.460000,-0.015625,0.0,-0.984375
2018-06-13 16:20:59.470000,-0.015625,0.0,-0.96875
2018-06-13 16:20:59.479000,-0.015625,0.0,-0.984375
2018-06-13 16:20:59.489000,-0.015625,0.0,-0.96875
2018-06-13 16:20:59.499000,-0.015625,0.015625,-0.984375
2018-06-13 16:20:59.509000,-0.015625,0.0,-0.96875
2018-06-13 16:20:59.519000,-0.015625,0.0,-0.96875
2018-06-13 16:20:59.528000,-0.03125,0.0,-0.96875
2018-06-13 16:20:59.538000,-0.015625,0.0,-0.96875
2018-06-13 16:20:59.548000,-0.015625,0.0,-0.984375
2018-06-13 16:20:59.558000,-0.015625,0.0,-0.984375
2018-06-13 16:20:59.567000,-0.015625,0.0,-0.96875
2018-06-13 16:20:59.577000,-0.015625,0.0,-0.984375
2018-06-13 16:20:59.587000,-0.015625,0.0,-0.984375
2018-06-13 16:20:59.597000,-0.03125,0.0,-0.984375
2018-06-13 16:20:59.606000,-0.015625,0.0,-0.984375
2018-06-13 16:20:59.616000,-0.015625,0.0,-0.984375
2018-06-13 16:20:59.626000,-0.015625,0.0,-0.984375
2018-06-13 16:20:59.635000,-0.015625,0.0,-0.984375
2018-06-13 16:20:59.645000,-0.015625,0.0,-0.984375
2018-06-13 16:20:59.655000,-0.015625,0.0,-0.96875
2018-06-13 16:20:59.665000,-0.015625,0.0,-0.984375
2018-06-13 16:20:59.675000,-0.015625,0.015625,-0.984375
2018-06-13 16:20:59.684000,-0.015625,0.0,-0.96875
2018-06-13 16:20:59.694000,-0.015625,0.0,-0.96875
2018-06-13 16:20:59.704000,-0.015625,0.015625,-0.984375
2018-06-13 16:20:59.713000,-0.015625,0.0,-0.984375
2018-06-13 16:20:59.723000,-0.015625,0.0,-0.984375
2018-06-13 16:20:59.733000,-0.015625,0.0,-0.96875
2018-06-13 16:20:59.743000,-0.015625,0.0,-0.984375
2018-06-13 16:20:59.753000,-0.015625,0.0,-0.96875
2018-06-13 16:20:59.762000,-0.015625,0.0,-0.96875
2018-06-13 16:20:59.772000,-0.015625,0.0,-0.984375
2018-06-13 16:20:59.782000,-0.015625,0.0,-0.984375
2018-06-13 16:20:59.791000,-0.015625,0.0,-0.984375
2018-06-13 16:20:59.801000,-0.015625,0.015625,-0.984375
2018-06-13 16:20:59.811000,-0.015625,0.015625,-0.984375
2018-06-13 16:20:59.821000,-0.015625,0.0,-0.96875
2018-06-13 16:20:59.831000,-0.015625,0.0,-0.984375
2018-06-13 16:20:59.840000,-0.015625,0.0,-0.96875
2018-06-13 16:20:59.850000,-0.015625,0.015625,-0.96875
2018-06-13 16:20:59.860000,-0.015625,0.015625,-0.96875
2018-06-13 16:20:59.869000,-0.015625,0.0,-0.984375
2018-06-13 16:20:59.879000,-0.015625,0.0,-0.984375
2018-06-13 16:20:59.889000,-0.015625,0.015625,-0.984375
2018-06-13 16:20:59.899000,-0.015625,0.015625,-0.984375
2018-06-13 16:20:59.909000,-0.015625,0.0,-0.984375
2018-06-13 16:20:59.918000,-0.03125,0.0,-0.984375
2018-06-13 16:20:59.928000,-0.015625,0.0,-0.984375
2018-06-13 16:20:59.938000,-0.015625,0.0,-0.96875
2018-06-13 16:20:59.947000,-0.015625,0.0,-0.984375
2018-06-13 16:20:59.957000,-0.015625,0.0,-0.984375
2018-06-13 16:20:59.967000,-0.015625,0.0,-0.984375
2018-06-13 16:20:59.977000,-0.015625,0.0,-0.984375
2018-06-13 16:20:59.986000,-0.015625,0.0,-0.984375
2018-06-13 16:20:59.996000,-0.015625,0.0,-0.984375
2018-06-13 16:21:00.006000,-0.015625,0.0,-0.984375
2018-06-13 16:21:00.016000,-0.015625,0.0,-0.984375
2018-06-13 16:21:00.026000,-0.015625,0.0,-0.984375
2018-06-13 16:21:00.035000,-0.015625,0.0,-0.984375
2018-06-13 16:21:00.045000,-0.015625,0.0,-0.96875
2018-06-13 16:21:00.055000,-0.015625,0.0,-0.984375
2018-06-13 16:21:00.065000,-0.015625,0.0,-0.984375
2018-06-13 16:21:00.074000,-0.015625,0.0,-0.96875
2018-06-13 16:21:00.084000,-0.015625,0.0,-0.984375
2018-06-13 16:21:00.094000,-0.015625,0.0,-0.96875
2018-06-13 16:21:00.104000,-0.015625,0.0,-0.984375
2018-06-13 16:21:00.113000,-0.015625,0.0,-0.984375
2018-06-13 16:21:00.123000,-0.015625,0.0,-0.984375
2018-06-13 16:21:00.133000,-0.015625,0.0,-0.984375
2018-06-13 16:21:00.142000,-0.015625,0.0,-0.96875
2018-06-13 16:21:00.152000,-0.03125,0.0,-0.984375
2018-06-13 16:21:00.162000,-0.015625,0.0,-0.96875
2018-06-13 16:21:00.172000,-0.015625,0.0,-0.984375
2018-06-13 16:21:00.181000,-0.015625,0.015625,-0.96875
2018-06-13 16:21:00.191000,-0.015625,0.0,-0.96875
2018-06-13 16:21:00.201000,-0.015625,0.015625,-0.96875
2018-06-13 16:21:00.211000,-0.015625,0.0,-0.984375
2018-06-13 16:21:00.221000,-0.03125,0.0,-0.984375
2018-06-13 16:21:00.230000,-0.015625,0.0,-0.984375
2018-06-13 16:21:00.240000,-0.015625,0.0,-0.984375
2018-06-13 16:21:00.250000,-0.015625,0.015625,-0.984375
2018-06-13 16:21:00.260000,-0.015625,0.0,-0.984375
2018-06-13 16:21:00.269000,-0.015625,0.0,-0.984375
2018-06-13 16:21:00.279000,-0.015625,0.0,-0.984375
2018-06-13 16:21:00.289000,-0.015625,0.0,-0.96875
2018-06-13 16:21:00.298000,-0.015625,0.0,-0.96875
2018-06-13 16:21:00.308000,-0.015625,0.0,-0.984375
2018-06-13 16:21:00.318000,-0.015625,0.0,-0.984375
2018-06-13 16:21:00.328000,-0.015625,0.0,-0.984375
2018-06-13 16:21:00.337000,-0.015625,0.0,-0.984375
2018-06-13 16:21:00.347000,-0.015625,0.0,-0.96875
2018-06-13 16:21:00.357000,-0.015625,0.015625,-0.96875
2018-06-13 16:21:00.367000,-0.015625,0.0,-0.984375
2018-06-13 16:21:00.377000,-0.015625,0.0,-0.984375
2018-06-13 16:21:00.386000,-0.015625,0.0,-0.984375
2018-06-13 16:21:00.396000,-0.015625,0.0,-0.984375
2018-06-13 16:21:00.406000,-0.015625,0.0,-0.96875
2018-06-13 16:21:00.416000,-0.015625,0.0,-0.96875
2018-06-13 16:21:00.425000,-0.015625,0.0,-0.984375
2018-06-13 16:21:00.435000,-0.015625,0.0,-0.984375
2018-06-13 16:21:00.445000,-0.015625,0.0,-0.984375
2018-06-13 16:21:00.454000,-0.015625,0.015625,-0.984375
2018-06-13 16:21:00.464000,-0.015625,0.0,-0.984375
2018-06-13 16:21:00.474000,-0.015625,0.0,-0.984375
2018-06-13 16:21:00.484000,-0.015625,0.0,-0.984375
2018-06-13 16:21:00.493000,-0.015625,0.0,-0.984375
2018-06-13 16:21:00.503000,-0.015625,0.0,-0.984375
2018-06-13 16:21:00.513000,-0.015625,0.0,-0.984375
2018-06-13 16:21:00.523000,-0.015625,0.0,-0.984375
2018-06-13 16:21:00.533000,-0.015625,0.0,-0.96875
2018-06-13 16:21:00.542000,-0.015625,0.0,-0.984375
2018-06-13 16:21:00.552000,-0.015625,0.0,-0.984375
2018-06-13 16:21:00.562000,-0.015625,0.0,-0.984375
2018-06-13 16:21:00.572000,-0.015625,0.0,-0.984375
2018-06-13 16:21:00.581000,-0.015625,0.0,-0.96875
2018-06-13 16:21:00.591000,-0.015625,0.015625,-0.96875
2018-06-13 16:21:00.601000,-0.015625,0.0,-0.984375
2018-06-13 16:21:00.611000,-0.015625,0.0,-0.984375
2018-06-13 16:21:00.620000,-0.015625,0.0,-0.96875
2018-06-13 16:21:00.630000,-0.015625,0.0,-0.984375
2018-06-13 16:21:00.640000,-0.015625,0.0,-0.96875
2018-06-13 16:21:00.649000,-0.015625,0.015625,-0.984375
2018-06-13 16:21:00.659000,-0.015625,0.0,-0.984375
2018-06-13 16:21:00.669000,-0.015625,0.0,-0.984375
2018-06-13 16:21:00.679000,-0.015625,0.015625,-0.984375
2018-06-13 16:21:00.688000,-0.015625,0.0,-0.96875
2018-06-13 16:21:00.698000,-0.015625,0.0,-0.984375
2018-06-13 16:21:00.708000,-0.015625,0.0,-0.984375
2018-06-13 16:21:00.718000,-0.015625,0.0,-0.984375
2018-06-13 16:21:00.728000,-0.015625,0.0,-0.984375
2018-06-13 16:21:00.737000,-0.015625,0.0,-0.96875
2018-06-13 16:21:00.747000,-0.015625,0.0,-0.984375
2018-06-13 16:21:00.757000,-0.015625,0.015625,-0.984375
2018-06-13 16:21:00.767000,-0.015625,0.0,-0.984375
2018-06-13 16:21:00.776000,-0.015625,0.0,-0.96875
2018-06-13 16:21:00.786000,-0.015625,0.0,-0.984375
2018-06-13 16:21:00.796000,-0.015625,0.0,-0.984375
2018-06-13 16:21:00.805000,-0.015625,0.0,-0.96875
2018-06-13 16:21:00.815000,-0.015625,0.0,-0.984375
2018-06-13 16:21:00.825000,-0.015625,0.0,-0.96875
2018-06-13 16:21:00.835000,-0.015625,0.0,-0.984375
2018-06-13 16:21:00.844000,-0.015625,0.0,-0.96875
2018-06-13 16:21:00.854000,-0.015625,0.0,-0.984375
2018-06-13 16:21:00.864000,-0.015625,0.0,-0.984375
2018-06-13 16:21:00.874000,-0.015625,0.0,-0.984375
2018-06-13 16:21:00.884000,-0.015625,0.0,-0.984375
2018-06-13 16:21:00.893000,-0.015625,0.0,-0.984375
2018-06-13 16:21:00.903000,-0.015625,0.0,-0.984375
2018-06-13 16:21:00.913000,-0.015625,0.0,-0.96875
2018-06-13 16:21:00.923000,-0.015625,0.0,-0.96875
2018-06-13 16:21:00.932000,-0.015625,0.0,-0.984375
2018-06-13 16:21:00.942000,-0.015625,0.0,-0.984375
2018-06-13 16:21:00.952000,-0.015625,0.0,-0.984375
2018-06-13 16:21:00.961000,-0.015625,0.0,-0.984375
2018-06-13 16:21:00.971000,-0.015625,0.0,-0.96875
2018-06-13 16:21:00.981000,-0.015625,0.0,-0.96875
2018-06-13 16:21:00.991000,-0.015625,0.0,-0.984375
2018-06-13 16:21:01,-0.015625,0.0,-0.984375
2018-06-13 16:21:01.010000,-0.015625,0.0,-0.984375
2018-06-13 16:21:01.020000,-0.015625,0.0,-0.984375
2018-06-13 16:21:01.030000,-0.015625,0.0,-0.96875
2018-06-13 16:21:01.040000,-0.015625,0.0,-0.96875
2018-06-13 16:21:01.049000,-0.015625,0.0,-0.96875
2018-06-13 16:21:01.059000,-0.015625,0.0,-0.984375
2018-06-13 16:21:01.069000,-0.015625,0.0,-0.96875
2018-06-13 16:21:01.079000,-0.015625,0.0,-0.96875
2018-06-13 16:21:01.088000,-0.015625,0.0,-0.96875
2018-06-13 16:21:01.098000,-0.015625,0.0,-0.984375
2018-06-13 16:21:01.108000,-0.015625,0.0,-0.984375
2018-06-13 16:21:01.118000,-0.015625,0.0,-0.984375
2018-06-13 16:21:01.127000,-0.015625,0.0,-0.984375
2018-06-13 16:21:01.137000,-0.015625,0.0,-0.984375
2018-06-13 16:21:01.147000,-0.015625,0.0,-0.984375
2018-06-13 16:21:01.156000,-0.015625,0.0,-0.984375
2018-06-13 16:21:01.166000,-0.015625,0.0,-0.984375
2018-06-13 16:21:01.176000,-0.015625,0.0,-0.984375
2018-06-13 16:21:01.186000,-0.03125,0.0,-0.984375
2018-06-13 16:21:01.195000,-0.015625,0.0,-0.984375
2018-06-13 16:21:01.205000,-0.015625,0.0,-0.984375
2018-06-13 16:21:01.215000,-0.015625,0.0,-0.984375
2018-06-13 16:21:01.225000,-0.015625,0.0,-0.984375
2018-06-13 16:21:01.235000,-0.015625,0.0,-0.96875
2018-06-13 16:21:01.244000,-0.015625,0.0,-0.984375
2018-06-13 16:21:01.254000,-0.015625,0.0,-0.984375
2018-06-13 16:21:01.264000,-0.015625,0.0,-0.96875
2018-06-13 16:21:01.274000,-0.015625,0.0,-0.984375
2018-06-13 16:21:01.283000,-0.015625,0.0,-0.984375
2018-06-13 16:21:01.293000,-0.015625,0.0,-0.96875
2018-06-13 16:21:01.303000,-0.015625,0.0,-0.984375
2018-06-13 16:21:01.312000,-0.03125,0.0,-0.984375
2018-06-13 16:21:01.322000,-0.015625,0.0,-0.984375
2018-06-13 16:21:01.332000,-0.015625,0.0,-0.984375
2018-06-13 16:21:01.342000,-0.015625,0.0,-0.984375
2018-06-13 16:21:01.351000,-0.015625,0.0,-0.96875
2018-06-13 16:21:01.361000,-0.015625,0.0,-0.984375
2018-06-13 16:21:01.371000,-0.015625,0.0,-0.984375
2018-06-13 16:21:01.381000,-0.015625,0.0,-0.984375
2018-06-13 16:21:01.391000,-0.015625,0.0,-0.96875
2018-06-13 16:21:01.400000,-0.015625,0.0,-0.984375
2018-06-13 16:21:01.410000,-0.015625,0.0,-0.984375
2018-06-13 16:21:01.420000,-0.015625,0.0,-0.984375
2018-06-13 16:21:01.430000,-0.015625,0.0,-0.984375
2018-06-13 16:21:01.439000,-0.015625,0.0,-0.984375
2018-06-13 16:21:01.449000,-0.015625,0.0,-0.96875
2018-06-13 16:21:01.459000,-0.015625,0.0,-0.984375
2018-06-13 16:21:01.468000,-0.015625,0.0,-0.984375
2018-06-13 16:21:01.478000,-0.015625,0.0,-0.984375
2018-06-13 16:21:01.488000,-0.015625,0.0,-0.984375
2018-06-13 16:21:01.498000,-0.015625,0.0,-0.984375
2018-06-13 16:21:01.507000,-0.015625,0.0,-0.984375
2018-06-13 16:21:01.517000,-0.015625,0.0,-0.984375
2018-06-13 16:21:01.527000,-0.015625,0.0,-0.984375
2018-06-13 16:21:01.537000,-0.015625,0.0,-0.984375
2018-06-13 16:21:01.547000,-0.03125,0.0,-0.984375
2018-06-13 16:21:01.556000,-0.015625,0.0,-0.96875
2018-06-13 16:21:01.566000,-0.015625,0.0,-0.984375
2018-06-13 16:21:01.576000,-0.015625,0.0,-0.984375
2018-06-13 16:21:01.586000,-0.015625,0.0,-0.984375
2018-06-13 16:21:01.595000,-0.015625,0.0,-0.96875
2018-06-13 16:21:01.605000,-0.015625,0.0,-0.96875
2018-06-13 16:21:01.615000,-0.015625,0.0,-0.984375
2018-06-13 16:21:01.625000,-0.015625,0.0,-0.984375
2018-06-13 16:21:01.634000,-0.015625,0.0,-0.984375
2018-06-13 16:21:01.644000,-0.03125,0.0,-0.984375
2018-06-13 16:21:01.654000,-0.015625,0.0,-0.984375
2018-06-13 16:21:01.663000,-0.015625,0.0,-0.984375
2018-06-13 16:21:01.673000,-0.015625,0.0,-0.984375
2018-06-13 16:21:01.683000,-0.03125,0.0,-0.984375
2018-06-13 16:21:01.693000,-0.015625,0.0,-0.984375
2018-06-13 16:21:01.702000,-0.015625,0.0,-0.96875
2018-06-13 16:21:01.712000,-0.015625,0.0,-0.96875
2018-06-13 16:21:01.722000,-0.015625,0.0,-0.96875
2018-06-13 16:21:01.732000,-0.015625,0.0,-0.984375
2018-06-13 16:21:01.742000,-0.015625,0.0,-0.984375
2018-06-13 16:21:01.751000,-0.015625,0.0,-0.984375
2018-06-13 16:21:01.761000,-0.015625,0.0,-0.984375
2018-06-13 16:21:01.771000,-0.015625,0.0,-0.96875
2018-06-13 16:21:01.781000,-0.015625,0.0,-0.984375
2018-06-13 16:21:01.790000,-0.015625,0.0,-0.984375
2018-06-13 16:21:01.800000,-0.015625,0.0,-0.984375
2018-06-13 16:21:01.810000,-0.015625,0.0,-0.984375
2018-06-13 16:21:01.819000,-0.03125,0.0,-0.984375
2018-06-13 16:21:01.829000,-0.015625,0.0,-0.984375
2018-06-13 16:21:01.839000,-0.015625,0.0,-0.984375
2018-06-13 16:21:01.849000,-0.015625,0.0,-0.984375
2018-06-13 16:21:01.858000,-0.03125,0.0,-0.984375
2018-06-13 16:21:01.868000,-0.015625,0.0,-0.984375
2018-06-13 16:21:01.878000,-0.015625,0.0,-0.984375
2018-06-13 16:21:01.888000,-0.03125,0.0,-0.984375
2018-06-13 16:21:01.898000,-0.015625,0.0,-0.984375
2018-06-13 16:21:01.907000,-0.015625,0.0,-0.984375
2018-06-13 16:21:01.917000,-0.015625,0.0,-0.984375
2018-06-13 16:21:01.927000,-0.015625,0.0,-0.96875
2018-06-13 16:21:01.937000,-0.015625,0.0,-0.984375
2018-06-13 16:21:01.946000,-0.015625,0.0,-0.984375
2018-06-13 16:21:01.956000,-0.015625,0.0,-0.984375
2018-06-13 16:21:01.966000,-0.015625,0.0,-0.96875
2018-06-13 16:21:01.975000,-0.015625,0.0,-0.96875
2018-06-13 16:21:01.985000,-0.015625,0.0,-0.984375
2018-06-13 16:21:01.995000,-0.03125,0.0,-0.984375
2018-06-13 16:21:02.005000,-0.015625,0.0,-0.984375
2018-06-13 16:21:02.014000,-0.015625,0.0,-0.984375
2018-06-13 16:21:02.024000,-0.015625,0.0,-0.984375
2018-06-13 16:21:02.034000,-0.015625,0.0,-0.984375
2018-06-13 16:21:02.044000,-0.015625,0.0,-0.984375
2018-06-13 16:21:02.054000,-0.015625,0.0,-0.984375
2018-06-13 16:21:02.063000,-0.015625,0.0,-0.984375
2018-06-13 16:21:02.073000,-0.015625,0.0,-0.984375
2018-06-13 16:21:02.083000,-0.015625,0.0,-0.96875
2018-06-13 16:21:02.093000,-0.015625,0.0,-0.96875
2018-06-13 16:21:02.102000,-0.015625,0.0,-0.984375
2018-06-13 16:21:02.112000,-0.015625,0.0,-0.96875
2018-06-13 16:21:02.122000,-0.015625,0.0,-0.984375
2018-06-13 16:21:02.131000,-0.015625,0.0,-0.984375
2018-06-13 16:21:02.141000,-0.015625,0.0,-0.984375
2018-06-13 16:21:02.151000,-0.015625,0.0,-0.984375
2018-06-13 16:21:02.161000,-0.03125,0.0,-0.984375
2018-06-13 16:21:02.170000,-0.015625,0.0,-0.984375
2018-06-13 16:21:02.180000,-0.015625,0.0,-0.984375
2018-06-13 16:21:02.190000,-0.015625,0.0,-0.984375
2018-06-13 16:21:02.200000,-0.015625,0.0,-0.984375
2018-06-13 16:21:02.209000,-0.015625,0.0,-0.984375
2018-06-13 16:21:02.219000,-0.015625,0.0,-0.984375
2018-06-13 16:21:02.229000,-0.015625,0.0,-0.984375
2018-06-13 16:21:02.239000,-0.015625,0.0,-0.984375
2018-06-13 16:21:02.249000,-0.015625,0.0,-0.984375
2018-06-13 16:21:02.258000,-0.015625,0.0,-0.984375
2018-06-13 16:21:02.268000,-0.015625,0.0,-0.984375
2018-06-13 16:21:02.278000,-0.015625,0.0,-0.984375
2018-06-13 16:21:02.288000,-0.015625,0.0,-0.96875
2018-06-13 16:21:02.297000,-0.015625,0.0,-0.984375
2018-06-13 16:21:02.307000,-0.015625,0.0,-0.984375
2018-06-13 16:21:02.317000,-0.015625,0.0,-0.984375
2018-06-13 16:21:02.326000,-0.015625,0.0,-0.984375
2018-06-13 16:21:02.336000,-0.015625,0.0,-0.984375
2018-06-13 16:21:02.346000,-0.015625,0.0,-0.984375
2018-06-13 16:21:02.356000,-0.015625,0.0,-0.984375
2018-06-13 16:21:02.365000,-0.015625,0.0,-0.984375
2018-06-13 16:21:02.375000,-0.015625,0.0,-0.984375
2018-06-13 16:21:02.385000,-0.015625,0.0,-0.984375
2018-06-13 16:21:02.395000,-0.015625,0.0,-0.984375
2018-06-13 16:21:02.405000,-0.015625,0.0,-0.984375
2018-06-13 16:21:02.414000,-0.015625,0.0,-0.984375
2018-06-13 16:21:02.424000,-0.015625,0.0,-0.96875
2018-06-13 16:21:02.434000,-0.015625,0.0,-0.984375
2018-06-13 16:21:02.444000,-0.015625,0.0,-0.984375
2018-06-13 16:21:02.453000,-0.015625,0.0,-0.96875
2018-06-13 16:21:02.463000,-0.015625,0.0,-0.96875
2018-06-13 16:21:02.473000,-0.015625,0.0,-0.96875
2018-06-13 16:21:02.482000,-0.015625,0.0,-0.96875
2018-06-13 16:21:02.492000,-0.015625,0.0,-0.984375
2018-06-13 16:21:02.502000,-0.015625,0.0,-0.984375
2018-06-13 16:21:02.512000,-0.015625,0.0,-0.984375
2018-06-13 16:21:02.521000,-0.015625,0.0,-0.984375
2018-06-13 16:21:02.531000,-0.015625,0.0,-0.984375
2018-06-13 16:21:02.541000,-0.015625,0.0,-0.984375
2018-06-13 16:21:02.551000,-0.015625,0.0,-0.984375
2018-06-13 16:21:02.561000,-0.015625,0.0,-0.984375
2018-06-13 16:21:02.570000,-0.015625,0.0,-0.984375
2018-06-13 16:21:02.580000,-0.015625,0.0,-0.96875
2018-06-13 16:21:02.590000,-0.015625,0.0,-0.96875
2018-06-13 16:21:02.600000,-0.015625,0.0,-0.984375
2018-06-13 16:21:02.609000,-0.03125,0.0,-0.984375
2018-06-13 16:21:02.619000,-0.015625,0.0,-0.96875
2018-06-13 16:21:02.629000,-0.015625,0.015625,-0.984375
2018-06-13 16:21:02.638000,-0.015625,0.0,-0.984375
2018-06-13 16:21:02.648000,-0.015625,0.0,-0.984375
2018-06-13 16:21:02.658000,-0.015625,0.0,-0.984375
2018-06-13 16:21:02.668000,-0.015625,0.0,-0.984375
2018-06-13 16:21:02.677000,-0.015625,0.0,-0.984375
2018-06-13 16:21:02.687000,-0.015625,0.0,-0.984375
2018-06-13 16:21:02.697000,-0.015625,0.0,-0.984375
2018-06-13 16:21:02.707000,-0.015625,0.0,-0.984375
2018-06-13 16:21:02.716000,-0.015625,0.0,-0.984375
2018-06-13 16:21:02.726000,-0.015625,0.0,-0.984375
2018-06-13 16:21:02.736000,-0.015625,0.0,-0.96875
2018-06-13 16:21:02.746000,-0.015625,0.0,-0.984375
2018-06-13 16:21:02.756000,-0.015625,0.0,-0.984375
2018-06-13 16:21:02.765000,-0.015625,0.0,-0.984375
2018-06-13 16:21:02.775000,-0.015625,0.0,-0.984375
2018-06-13 16:21:02.785000,-0.015625,0.0,-0.984375
2018-06-13 16:21:02.795000,-0.015625,0.0,-0.96875
2018-06-13 16:21:02.804000,-0.015625,0.0,-0.984375
2018-06-13 16:21:02.814000,-0.03125,0.0,-0.96875
2018-06-13 16:21:02.824000,-0.015625,0.0,-0.96875
2018-06-13 16:21:02.833000,-0.015625,0.0,-0.984375
2018-06-13 16:21:02.843000,-0.015625,0.0,-0.984375
2018-06-13 16:21:02.853000,-0.015625,0.0,-0.984375
2018-06-13 16:21:02.863000,-0.015625,0.0,-0.984375
2018-06-13 16:21:02.872000,-0.015625,0.0,-0.984375
2018-06-13 16:21:02.882000,-0.015625,0.0,-0.984375
2018-06-13 16:21:02.892000,-0.015625,0.0,-0.984375
2018-06-13 16:21:02.902000,-0.03125,0.0,-0.984375
2018-06-13 16:21:02.912000,-0.03125,0.0,-0.96875
2018-06-13 16:21:02.921000,-0.015625,0.0,-0.984375
2018-06-13 16:21:02.931000,-0.015625,0.0,-0.984375
2018-06-13 16:21:02.941000,-0.015625,0.0,-0.984375
2018-06-13 16:21:02.951000,-0.03125,0.0,-0.984375
2018-06-13 16:21:02.960000,-0.03125,0.0,-0.984375
2018-06-13 16:21:02.970000,-0.015625,0.0,-0.984375
2018-06-13 16:21:02.980000,-0.015625,0.0,-0.984375
2018-06-13 16:21:02.989000,-0.015625,0.0,-0.984375
2018-06-13 16:21:02.999000,-0.03125,0.0,-0.96875
2018-06-13 16:21:03.009000,-0.015625,0.0,-0.984375
2018-06-13 16:21:03.019000,-0.015625,0.0,-0.984375
2018-06-13 16:21:03.028000,-0.015625,0.0,-0.984375
2018-06-13 16:21:03.038000,-0.03125,0.0,-0.984375
2018-06-13 16:21:03.048000,-0.03125,0.0,-0.96875
2018-06-13 16:21:03.058000,-0.015625,0.0,-0.96875
2018-06-13 16:21:03.068000,-0.015625,0.0,-0.984375
2018-06-13 16:21:03.077000,-0.015625,0.015625,-0.984375
2018-06-13 16:21:03.087000,-0.015625,0.015625,-0.984375
2018-06-13 16:21:03.097000,-0.015625,0.0,-0.984375
2018-06-13 16:21:03.107000,-0.015625,0.0,-0.984375
2018-06-13 16:21:03.116000,-0.015625,0.015625,-0.984375
2018-06-13 16:21:03.126000,-0.015625,0.0,-0.984375
2018-06-13 16:21:03.136000,-0.015625,0.0,-0.984375
2018-06-13 16:21:03.145000,-0.015625,0.0,-0.984375
2018-06-13 16:21:03.155000,-0.015625,0.0,-0.96875
2018-06-13 16:21:03.165000,-0.015625,0.015625,-0.984375
2018-06-13 16:21:03.175000,-0.015625,0.0,-0.96875
2018-06-13 16:21:03.184000,-0.015625,0.0,-0.984375
2018-06-13 16:21:03.194000,-0.015625,0.0,-0.984375
2018-06-13 16:21:03.204000,-0.015625,0.0,-0.984375
2018-06-13 16:21:03.214000,-0.015625,0.0,-0.96875
2018-06-13 16:21:03.223000,-0.015625,0.0,-0.96875
2018-06-13 16:21:03.233000,-0.015625,0.0,-0.96875
2018-06-13 16:21:03.243000,-0.015625,0.0,-0.984375
2018-06-13 16:21:03.253000,-0.015625,0.0,-0.96875
2018-06-13 16:21:03.263000,-0.015625,0.015625,-0.984375
2018-06-13 16:21:03.272000,-0.015625,0.0,-0.96875
2018-06-13 16:21:03.282000,-0.015625,0.0,-0.984375
2018-06-13 16:21:03.292000,-0.015625,0.0,-0.984375
2018-06-13 16:21:03.302000,-0.03125,0.0,-0.984375
2018-06-13 16:21:03.311000,-0.015625,0.0,-0.984375
2018-06-13 16:21:03.321000,-0.015625,0.0,-0.984375
2018-06-13 16:21:03.331000,-0.015625,0.0,-0.984375
2018-06-13 16:21:03.340000,-0.03125,0.0,-0.96875
2018-06-13 16:21:03.350000,-0.015625,0.0,-0.96875
2018-06-13 16:21:03.360000,-0.015625,0.0,-0.984375
2018-06-13 16:21:03.370000,-0.015625,0.0,-0.984375
2018-06-13 16:21:03.380000,-0.015625,0.0,-0.96875
2018-06-13 16:21:03.389000,-0.015625,0.0,-0.96875
2018-06-13 16:21:03.399000,-0.015625,0.0,-0.984375
2018-06-13 16:21:03.409000,-0.015625,0.0,-0.984375
2018-06-13 16:21:03.419000,-0.015625,0.0,-0.984375
2018-06-13 16:21:03.428000,-0.015625,0.0,-0.984375
2018-06-13 16:21:03.438000,-0.015625,0.0,-0.984375
2018-06-13 16:21:03.448000,-0.015625,0.015625,-0.984375
2018-06-13 16:21:03.458000,-0.015625,0.015625,-0.96875
2018-06-13 16:21:03.467000,-0.015625,0.015625,-0.96875
2018-06-13 16:21:03.477000,-0.015625,0.015625,-0.96875
2018-06-13 16:21:03.487000,-0.015625,0.015625,-0.96875
2018-06-13 16:21:03.496000,-0.015625,0.0,-0.984375
2018-06-13 16:21:03.506000,-0.015625,0.015625,-0.984375
2018-06-13 16:21:03.516000,-0.015625,0.015625,-0.984375
2018-06-13 16:21:03.526000,-0.015625,0.0,-0.984375
2018-06-13 16:21:03.535000,-0.015625,0.0,-0.96875
2018-06-13 16:21:03.545000,-0.015625,0.015625,-0.96875
2018-06-13 16:21:03.555000,-0.015625,0.015625,-0.96875
2018-06-13 16:21:03.565000,-0.015625,0.0,-0.96875
2018-06-13 16:21:03.575000,-0.015625,0.0,-0.96875
2018-06-13 16:21:03.584000,-0.015625,0.0,-0.96875
2018-06-13 16:21:03.594000,-0.015625,0.0,-0.984375
2018-06-13 16:21:03.604000,-0.015625,0.0,-0.984375
2018-06-13 16:21:03.614000,-0.03125,0.0,-0.96875
2018-06-13 16:21:03.623000,-0.015625,0.0,-0.984375
2018-06-13 16:21:03.633000,-0.015625,0.0,-0.984375
2018-06-13 16:21:03.643000,-0.015625,0.015625,-0.96875
2018-06-13 16:21:03.652000,-0.015625,0.0,-0.984375
2018-06-13 16:21:03.662000,-0.015625,0.015625,-0.984375
2018-06-13 16:21:03.672000,-0.015625,0.0,-0.984375
2018-06-13 16:21:03.682000,-0.015625,0.0,-0.984375
2018-06-13 16:21:03.691000,-0.015625,0.015625,-0.96875
2018-06-13 16:21:03.701000,-0.015625,0.0,-0.984375
2018-06-13 16:21:03.711000,-0.015625,0.0,-0.984375
2018-06-13 16:21:03.721000,-0.015625,0.0,-0.984375
2018-06-13 16:21:03.730000,-0.015625,0.0,-0.96875
2018-06-13 16:21:03.740000,-0.015625,0.0,-0.984375
2018-06-13 16:21:03.750000,-0.015625,0.0,-0.984375
2018-06-13 16:21:03.760000,-0.015625,0.0,-0.984375
2018-06-13 16:21:03.770000,-0.015625,0.0,-0.96875
2018-06-13 16:21:03.779000,-0.015625,0.015625,-0.984375
2018-06-13 16:21:03.789000,-0.015625,0.015625,-0.984375
2018-06-13 16:21:03.799000,-0.03125,0.015625,-0.96875
2018-06-13 16:21:03.809000,-0.015625,0.0,-0.984375
2018-06-13 16:21:03.818000,-0.03125,0.0,-0.96875
2018-06-13 16:21:03.828000,-0.015625,0.0,-0.984375
2018-06-13 16:21:03.838000,-0.015625,0.0,-0.984375
2018-06-13 16:21:03.847000,-0.015625,0.0,-0.984375
2018-06-13 16:21:03.857000,-0.015625,0.0,-0.984375
2018-06-13 16:21:03.867000,-0.015625,0.0,-0.984375
2018-06-13 16:21:03.877000,-0.015625,0.0,-0.984375
2018-06-13 16:21:03.887000,-0.015625,0.0,-0.984375
2018-06-13 16:21:03.896000,-0.015625,0.0,-0.96875
2018-06-13 16:21:03.906000,-0.015625,0.0,-0.984375
2018-06-13 16:21:03.916000,-0.015625,0.015625,-0.984375
2018-06-13 16:21:03.926000,-0.015625,0.0,-0.984375
2018-06-13 16:21:03.935000,-0.015625,0.0,-0.984375
2018-06-13 16:21:03.945000,-0.015625,0.0,-0.984375
2018-06-13 16:21:03.955000,-0.015625,0.0,-0.984375
2018-06-13 16:21:03.965000,-0.015625,0.0,-0.984375
2018-06-13 16:21:03.974000,-0.015625,0.0,-0.984375
2018-06-13 16:21:03.984000,-0.015625,0.0,-0.984375
2018-06-13 16:21:03.994000,-0.015625,0.0,-0.984375
2018-06-13 16:21:04.003000,-0.015625,0.0,-0.984375
2018-06-13 16:21:04.013000,-0.03125,0.0,-0.96875
2018-06-13 16:21:04.023000,-0.015625,0.0,-0.984375
2018-06-13 16:21:04.033000,-0.015625,0.0,-0.96875
2018-06-13 16:21:04.042000,-0.015625,0.0,-0.984375
2018-06-13 16:21:04.052000,-0.015625,0.0,-0.96875
2018-06-13 16:21:04.062000,-0.015625,0.0,-0.96875
2018-06-13 16:21:04.072000,-0.015625,0.0,-0.96875
2018-06-13 16:21:04.082000,-0.03125,0.0,-0.96875
2018-06-13 16:21:04.091000,-0.015625,0.015625,-0.984375
2018-06-13 16:21:04.101000,-0.015625,0.0,-0.984375
2018-06-13 16:21:04.111000,-0.015625,0.0,-0.96875
2018-06-13 16:21:04.121000,-0.015625,0.0,-0.984375
2018-06-13 16:21:04.130000,-0.015625,0.0,-0.96875
2018-06-13 16:21:04.140000,-0.015625,0.0,-0.984375
2018-06-13 16:21:04.150000,-0.015625,0.0,-0.984375
2018-06-13 16:21:04.159000,-0.015625,0.015625,-0.96875
2018-06-13 16:21:04.169000,-0.015625,0.0,-0.96875
2018-06-13 16:21:04.179000,-0.015625,0.0,-0.984375
2018-06-13 16:21:04.188000,-0.015625,0.0,-0.984375
2018-06-13 16:21:04.198000,-0.015625,0.0,-0.984375
2018-06-13 16:21:04.208000,-0.015625,0.0,-0.984375
2018-06-13 16:21:04.218000,-0.015625,0.0,-0.96875
2018-06-13 16:21:04.227000,-0.015625,0.0,-0.984375
2018-06-13 16:21:04.237000,-0.015625,0.0,-0.984375
2018-06-13 16:21:04.246000,-0.015625,0.0,-0.984375
2018-06-13 16:21:04.256000,-0.015625,0.0,-0.96875
2018-06-13 16:21:04.266000,-0.03125,0.0,-0.984375
2018-06-13 16:21:04.276000,-0.015625,0.0,-0.984375
2018-06-13 16:21:04.285000,-0.015625,0.0,-0.984375
2018-06-13 16:21:04.295000,-0.015625,0.0,-0.984375
2018-06-13 16:21:04.305000,-0.015625,0.0,-0.984375
2018-06-13 16:21:04.314000,-0.015625,0.0,-0.984375
2018-06-13 16:21:04.324000,-0.015625,0.0,-0.984375
2018-06-13 16:21:04.333000,-0.015625,0.0,-0.984375
2018-06-13 16:21:04.343000,-0.015625,0.0,-0.984375
2018-06-13 16:21:04.353000,-0.015625,0.0,-0.984375
2018-06-13 16:21:04.363000,-0.015625,0.0,-0.96875
2018-06-13 16:21:04.372000,-0.015625,0.0,-0.96875
2018-06-13 16:21:04.382000,-0.015625,0.0,-0.984375
2018-06-13 16:21:04.392000,-0.015625,0.0,-0.96875
2018-06-13 16:21:04.401000,-0.015625,0.0,-0.984375
2018-06-13 16:21:04.411000,-0.015625,0.0,-0.984375
2018-06-13 16:21:04.420000,-0.015625,0.0,-0.984375
2018-06-13 16:21:04.430000,-0.015625,0.0,-0.984375
2018-06-13 16:21:04.440000,-0.015625,0.0,-0.984375
2018-06-13 16:21:04.450000,-0.015625,0.0,-0.984375
2018-06-13 16:21:04.459000,-0.015625,0.0,-0.984375
2018-06-13 16:21:04.469000,-0.015625,0.0,-0.96875
2018-06-13 16:21:04.479000,-0.015625,0.0,-0.984375
2018-06-13 16:21:04.488000,-0.015625,0.0,-0.984375
2018-06-13 16:21:04.498000,-0.015625,0.0,-0.984375
2018-06-13 16:21:04.507000,-0.015625,0.0,-0.984375
2018-06-13 16:21:04.517000,-0.015625,0.015625,-0.984375
2018-06-13 16:21:04.527000,-0.015625,0.0,-0.984375
2018-06-13 16:21:04.537000,-0.015625,0.0,-0.984375
2018-06-13 16:21:04.546000,-0.015625,0.0,-0.984375
2018-06-13 16:21:04.556000,-0.015625,0.0,-0.96875
2018-06-13 16:21:04.566000,-0.015625,0.0,-0.984375
2018-06-13 16:21:04.575000,-0.015625,0.0,-0.96875
2018-06-13 16:21:04.585000,-0.015625,0.0,-0.96875
2018-06-13 16:21:04.594000,-0.015625,0.0,-0.984375
2018-06-13 16:21:04.604000,-0.015625,0.0,-0.984375
2018-06-13 16:21:04.614000,-0.015625,0.0,-0.984375
2018-06-13 16:21:04.624000,-0.015625,0.0,-0.984375
2018-06-13 16:21:04.633000,-0.015625,0.0,-0.984375
2018-06-13 16:21:04.643000,-0.015625,0.0,-0.984375
2018-06-13 16:21:04.652000,-0.015625,0.0,-0.96875
2018-06-13 16:21:04.662000,-0.015625,0.0,-0.984375
2018-06-13 16:21:04.672000,-0.015625,0.0,-0.984375
2018-06-13 16:21:04.681000,-0.015625,0.0,-0.96875
2018-06-13 16:21:04.691000,-0.015625,0.0,-0.984375
2018-06-13 16:21:04.701000,-0.015625,0.0,-0.96875
2018-06-13 16:21:04.711000,-0.015625,0.0,-0.96875
2018-06-13 16:21:04.720000,-0.015625,0.0,-0.984375
2018-06-13 16:21:04.730000,-0.015625,0.0,-0.984375
2018-06-13 16:21:04.739000,-0.015625,0.0,-0.984375
2018-06-13 16:21:04.749000,-0.015625,0.0,-0.984375
2018-06-13 16:21:04.759000,-0.015625,0.0,-0.96875
2018-06-13 16:21:04.769000,-0.015625,0.0,-0.984375
2018-06-13 16:21:04.778000,-0.015625,0.0,-0.96875
2018-06-13 16:21:04.788000,-0.015625,0.0,-0.96875
2018-06-13 16:21:04.798000,-0.015625,0.0,-0.96875
2018-06-13 16:21:04.807000,-0.015625,0.0,-0.984375
2018-06-13 16:21:04.817000,-0.015625,0.0,-0.984375
2018-06-13 16:21:04.826000,-0.015625,0.0,-0.984375
2018-06-13 16:21:04.836000,-0.015625,0.0,-0.984375
2018-06-13 16:21:04.846000,-0.015625,0.0,-0.984375
2018-06-13 16:21:04.855000,-0.015625,0.0,-0.984375
2018-06-13 16:21:04.865000,-0.015625,0.0,-0.984375
2018-06-13 16:21:04.875000,-0.015625,0.0,-0.984375
2018-06-13 16:21:04.885000,-0.015625,0.0,-0.984375
2018-06-13 16:21:04.894000,-0.015625,0.0,-0.984375
2018-06-13 16:21:04.904000,-0.015625,0.0,-0.984375
2018-06-13 16:21:04.913000,-0.015625,0.0,-0.984375
2018-06-13 16:21:04.923000,-0.015625,0.0,-0.984375
2018-06-13 16:21:04.933000,-0.03125,0.0,-0.984375
2018-06-13 16:21:04.943000,-0.015625,0.0,-0.984375
2018-06-13 16:21:04.952000,-0.015625,0.0,-0.984375
2018-06-13 16:21:04.962000,-0.015625,0.0,-0.96875
2018-06-13 16:21:04.972000,-0.015625,0.0,-0.984375
2018-06-13 16:21:04.981000,-0.015625,0.0,-0.984375
2018-06-13 16:21:04.991000,-0.015625,0.0,-0.96875
2018-06-13 16:21:05,-0.015625,0.0,-0.984375
2018-06-13 16:21:05.010000,-0.015625,0.0,-0.96875
2018-06-13 16:21:05.020000,-0.015625,0.0,-0.984375
2018-06-13 16:21:05.030000,-0.015625,0.0,-0.984375
2018-06-13 16:21:05.039000,-0.015625,0.0,-0.984375
2018-06-13 16:21:05.049000,-0.015625,0.0,-0.984375
2018-06-13 16:21:05.059000,-0.015625,0.0,-0.984375
2018-06-13 16:21:05.068000,-0.015625,0.0,-0.984375
2018-06-13 16:21:05.078000,-0.015625,0.0,-0.984375
2018-06-13 16:21:05.087000,-0.015625,0.0,-0.984375
2018-06-13 16:21:05.097000,-0.03125,0.015625,-0.984375
2018-06-13 16:21:05.107000,-0.015625,0.0,-0.96875
2018-06-13 16:21:05.117000,-0.015625,0.0,-0.984375
2018-06-13 16:21:05.126000,-0.015625,0.0,-0.96875
2018-06-13 16:21:05.136000,-0.015625,0.0,-0.984375
2018-06-13 16:21:05.145000,-0.015625,0.0,-0.984375
2018-06-13 16:21:05.155000,-0.015625,0.0,-0.96875
2018-06-13 16:21:05.165000,-0.015625,0.0,-0.96875
2018-06-13 16:21:05.174000,-0.015625,0.0,-0.984375
2018-06-13 16:21:05.184000,-0.015625,0.0,-0.984375
2018-06-13 16:21:05.194000,-0.015625,0.0,-0.984375
2018-06-13 16:21:05.204000,-0.015625,0.0,-0.984375
2018-06-13 16:21:05.213000,-0.015625,0.0,-0.984375
2018-06-13 16:21:05.223000,-0.015625,0.0,-0.984375
2018-06-13 16:21:05.232000,-0.015625,0.0,-0.96875
2018-06-13 16:21:05.242000,-0.015625,0.0,-0.984375
2018-06-13 16:21:05.252000,-0.015625,0.0,-0.984375
2018-06-13 16:21:05.261000,-0.015625,0.0,-0.984375
2018-06-13 16:21:05.271000,-0.015625,0.0,-0.984375
2018-06-13 16:21:05.281000,-0.015625,0.0,-0.96875
2018-06-13 16:21:05.291000,-0.015625,0.0,-0.984375
2018-06-13 16:21:05.300000,-0.015625,0.0,-0.984375
2018-06-13 16:21:05.310000,-0.015625,0.0,-0.984375
2018-06-13 16:21:05.319000,-0.015625,0.0,-0.984375
2018-06-13 16:21:05.329000,-0.015625,0.0,-0.984375
2018-06-13 16:21:05.339000,-0.015625,0.0,-0.984375
2018-06-13 16:21:05.349000,-0.015625,0.0,-0.96875
2018-06-13 16:21:05.358000,-0.015625,0.0,-0.984375
2018-06-13 16:21:05.368000,-0.015625,0.0,-0.96875
2018-06-13 16:21:05.378000,-0.015625,0.0,-0.984375
2018-06-13 16:21:05.388000,-0.03125,0.0,-0.984375
2018-06-13 16:21:05.398000,-0.015625,0.0,-0.984375
2018-06-13 16:21:05.407000,-0.015625,0.0,-0.96875
2018-06-13 16:21:05.417000,-0.015625,0.0,-0.984375
2018-06-13 16:21:05.427000,-0.015625,0.0,-0.96875
2018-06-13 16:21:05.437000,-0.015625,0.0,-0.984375
2018-06-13 16:21:05.446000,-0.015625,0.0,-0.96875
2018-06-13 16:21:05.456000,-0.015625,0.0,-0.96875
2018-06-13 16:21:05.466000,-0.015625,0.0,-0.984375
2018-06-13 16:21:05.475000,-0.015625,0.0,-0.984375
2018-06-13 16:21:05.485000,-0.015625,0.0,-0.984375
2018-06-13 16:21:05.495000,-0.015625,0.0,-0.984375
2018-06-13 16:21:05.505000,-0.015625,0.0,-0.984375
2018-06-13 16:21:05.514000,-0.015625,0.0,-0.984375
2018-06-13 16:21:05.524000,-0.015625,0.0,-0.984375
2018-06-13 16:21:05.534000,-0.015625,0.0,-0.984375
2018-06-13 16:21:05.544000,-0.015625,0.0,-0.96875
2018-06-13 16:21:05.554000,-0.015625,0.0,-0.984375
2018-06-13 16:21:05.563000,-0.015625,0.0,-0.96875
2018-06-13 16:21:05.573000,-0.015625,0.0,-0.96875
2018-06-13 16:21:05.583000,-0.015625,0.0,-0.984375
2018-06-13 16:21:05.593000,-0.015625,0.0,-0.984375
2018-06-13 16:21:05.602000,-0.015625,0.0,-0.984375
2018-06-13 16:21:05.612000,-0.015625,0.0,-0.984375
2018-06-13 16:21:05.622000,-0.015625,0.0,-0.984375
2018-06-13 16:21:05.632000,-0.015625,0.0,-0.984375
2018-06-13 16:21:05.641000,-0.015625,0.0,-0.984375
2018-06-13 16:21:05.651000,-0.015625,0.0,-0.984375
2018-06-13 16:21:05.661000,-0.015625,0.0,-0.984375
2018-06-13 16:21:05.670000,-0.015625,0.0,-0.96875
2018-06-13 16:21:05.680000,-0.015625,0.0,-0.984375
2018-06-13 16:21:05.690000,-0.015625,0.0,-0.96875
2018-06-13 16:21:05.700000,-0.015625,0.0,-0.984375
2018-06-13 16:21:05.709000,-0.015625,0.0,-0.984375
2018-06-13 16:21:05.719000,-0.015625,0.0,-0.984375
2018-06-13 16:21:05.729000,-0.015625,0.0,-0.984375
2018-06-13 16:21:05.739000,-0.015625,0.0,-0.984375
2018-06-13 16:21:05.749000,-0.015625,0.0,-0.96875
2018-06-13 16:21:05.758000,-0.015625,0.0,-0.984375
2018-06-13 16:21:05.768000,-0.015625,0.0,-0.984375
2018-06-13 16:21:05.778000,-0.015625,0.0,-0.984375
2018-06-13 16:21:05.788000,-0.015625,0.0,-0.96875
2018-06-13 16:21:05.797000,-0.015625,0.0,-0.984375
2018-06-13 16:21:05.807000,-0.015625,0.0,-0.984375
2018-06-13 16:21:05.817000,-0.015625,0.0,-0.984375
2018-06-13 16:21:05.826000,-0.015625,0.0,-0.984375
2018-06-13 16:21:05.836000,-0.03125,0.0,-0.96875
2018-06-13 16:21:05.846000,-0.015625,0.0,-0.984375
2018-06-13 16:21:05.856000,-0.015625,0.0,-0.96875
2018-06-13 16:21:05.865000,-0.015625,0.0,-0.96875
2018-06-13 16:21:05.875000,-0.015625,0.0,-0.984375
2018-06-13 16:21:05.885000,-0.015625,0.0,-0.984375
2018-06-13 16:21:05.895000,-0.015625,0.0,-0.984375
2018-06-13 16:21:05.905000,-0.015625,0.0,-0.984375
2018-06-13 16:21:05.914000,-0.015625,0.0,-0.984375
2018-06-13 16:21:05.924000,-0.015625,0.0,-0.984375
2018-06-13 16:21:05.934000,-0.015625,0.0,-0.984375
2018-06-13 16:21:05.944000,-0.03125,0.015625,-0.984375
2018-06-13 16:21:05.953000,-0.015625,0.0,-0.96875
2018-06-13 16:21:05.963000,-0.015625,0.0,-0.96875
2018-06-13 16:21:05.973000,-0.015625,0.0,-0.96875
2018-06-13 16:21:05.982000,-0.015625,0.0,-0.984375
2018-06-13 16:21:05.992000,-0.015625,0.0,-0.984375
2018-06-13 16:21:06.002000,-0.015625,0.0,-0.984375
2018-06-13 16:21:06.012000,-0.015625,0.0,-0.984375
2018-06-13 16:21:06.021000,-0.015625,0.015625,-0.984375
2018-06-13 16:21:06.031000,-0.015625,0.0,-0.984375
2018-06-13 16:21:06.041000,-0.015625,0.015625,-0.984375
2018-06-13 16:21:06.051000,-0.015625,0.0,-0.984375
2018-06-13 16:21:06.061000,-0.015625,0.0,-0.984375
2018-06-13 16:21:06.070000,-0.015625,0.0,-0.984375
2018-06-13 16:21:06.080000,-0.015625,0.0,-0.984375
2018-06-13 16:21:06.090000,-0.015625,0.0,-0.984375
2018-06-13 16:21:06.100000,-0.015625,0.0,-0.984375
2018-06-13 16:21:06.109000,-0.015625,0.015625,-0.984375
2018-06-13 16:21:06.119000,-0.015625,0.0,-0.96875
2018-06-13 16:21:06.129000,-0.015625,0.0,-0.984375
2018-06-13 16:21:06.138000,-0.015625,0.0,-0.984375
2018-06-13 16:21:06.148000,-0.015625,0.0,-0.984375
2018-06-13 16:21:06.158000,-0.015625,0.0,-0.96875
2018-06-13 16:21:06.168000,-0.015625,0.0,-0.984375
2018-06-13 16:21:06.177000,-0.015625,0.0,-0.984375
2018-06-13 16:21:06.187000,-0.015625,0.0,-0.984375
2018-06-13 16:21:06.197000,-0.015625,0.0,-0.96875
2018-06-13 16:21:06.207000,-0.015625,0.0,-0.96875
2018-06-13 16:21:06.216000,-0.015625,0.0,-0.984375
2018-06-13 16:21:06.226000,-0.015625,0.0,-0.984375
2018-06-13 16:21:06.236000,-0.015625,0.0,-0.984375
2018-06-13 16:21:06.246000,-0.015625,0.0,-0.984375
2018-06-13 16:21:06.256000,-0.015625,0.0,-0.984375
2018-06-13 16:21:06.265000,-0.015625,0.0,-0.984375
2018-06-13 16:21:06.275000,-0.015625,0.0,-0.984375
2018-06-13 16:21:06.285000,-0.015625,0.0,-0.984375
2018-06-13 16:21:06.295000,-0.015625,0.0,-0.96875
2018-06-13 16:21:06.304000,-0.015625,0.0,-0.984375
2018-06-13 16:21:06.314000,-0.015625,0.015625,-0.984375
2018-06-13 16:21:06.324000,-0.03125,0.015625,-0.984375
2018-06-13 16:21:06.333000,-0.015625,0.0,-0.984375
2018-06-13 16:21:06.343000,-0.015625,0.015625,-0.984375
2018-06-13 16:21:06.353000,-0.015625,0.0,-0.984375
2018-06-13 16:21:06.363000,-0.03125,0.015625,-0.984375
2018-06-13 16:21:06.372000,-0.03125,0.015625,-0.984375
2018-06-13 16:21:06.382000,-0.03125,0.015625,-0.984375
2018-06-13 16:21:06.392000,-0.03125,0.015625,-0.984375
2018-06-13 16:21:06.402000,-0.0625,0.03125,-1.0
2018-06-13 16:21:06.412000,-0.109375,0.0625,-1.0
2018-06-13 16:21:06.421000,-0.109375,0.078125,-1.0
2018-06-13 16:21:06.431000,-0.234375,0.15625,-1.015625
2018-06-13 16:21:06.441000,-0.28125,0.25,-1.046875
2018-06-13 16:21:06.451000,-0.078125,0.125,-1.046875
2018-06-13 16:21:06.460000,-0.09375,0.046875,-1.078125
2018-06-13 16:21:06.470000,-0.15625,0.0625,-1.015625
2018-06-13 16:21:06.480000,-0.15625,0.046875,-1.0
2018-06-13 16:21:06.489000,-0.015625,0.046875,-1.0
2018-06-13 16:21:06.499000,-0.03125,0.09375,-0.96875
2018-06-13 16:21:06.509000,0.046875,0.125,-0.96875
2018-06-13 16:21:06.519000,0.109375,0.203125,-1.03125
2018-06-13 16:21:06.528000,0.140625,0.265625,-0.984375
2018-06-13 16:21:06.538000,0.078125,0.25,-0.921875
2018-06-13 16:21:06.548000,0.09375,0.328125,-0.890625
2018-06-13 16:21:06.558000,0.03125,0.265625,-0.90625
2018-06-13 16:21:06.568000,0.015625,0.265625,-0.875
2018-06-13 16:21:06.577000,0.03125,0.3125,-0.859375
2018-06-13 16:21:06.587000,0.03125,0.296875,-0.875
2018-06-13 16:21:06.597000,0.046875,0.296875,-0.875
2018-06-13 16:21:06.607000,0.046875,0.3125,-0.890625
2018-06-13 16:21:06.616000,0.03125,0.328125,-0.890625
2018-06-13 16:21:06.626000,0.03125,0.328125,-0.90625
2018-06-13 16:21:06.636000,0.03125,0.328125,-0.9375
2018-06-13 16:21:06.645000,0.03125,0.34375,-0.953125
2018-06-13 16:21:06.655000,0.03125,0.328125,-0.953125
2018-06-13 16:21:06.665000,0.03125,0.328125,-0.953125
2018-06-13 16:21:06.675000,0.015625,0.3125,-0.9375
2018-06-13 16:21:06.684000,0.015625,0.328125,-0.953125
2018-06-13 16:21:06.694000,0.046875,0.359375,-0.953125
2018-06-13 16:21:06.704000,0.046875,0.390625,-0.96875
2018-06-13 16:21:06.714000,0.0625,0.40625,-0.953125
2018-06-13 16:21:06.723000,0.078125,0.390625,-0.96875
2018-06-13 16:21:06.733000,0.078125,0.375,-0.984375
2018-06-13 16:21:06.743000,0.078125,0.359375,-0.953125
2018-06-13 16:21:06.753000,0.0625,0.34375,-0.9375
2018-06-13 16:21:06.763000,0.03125,0.34375,-0.890625
2018-06-13 16:21:06.772000,0.015625,0.34375,-0.875
2018-06-13 16:21:06.782000,0.015625,0.359375,-0.890625
2018-06-13 16:21:06.792000,0.046875,0.375,-0.90625
2018-06-13 16:21:06.802000,0.0625,0.40625,-0.921875
2018-06-13 16:21:06.811000,0.078125,0.421875,-0.953125
2018-06-13 16:21:06.821000,0.078125,0.4375,-0.96875
2018-06-13 16:21:06.831000,0.078125,0.421875,-0.96875
2018-06-13 16:21:06.840000,0.09375,0.421875,-0.984375
2018-06-13 16:21:06.850000,0.109375,0.421875,-0.96875
2018-06-13 16:21:06.860000,0.125,0.40625,-0.96875
2018-06-13 16:21:06.870000,0.140625,0.421875,-0.984375
2018-06-13 16:21:06.880000,0.171875,0.421875,-1.0
2018-06-13 16:21:06.889000,0.203125,0.453125,-1.015625
2018-06-13 16:21:06.899000,0.21875,0.46875,-1.03125
2018-06-13 16:21:06.909000,0.203125,0.484375,-1.015625
2018-06-13 16:21:06.919000,0.1875,0.484375,-1.015625
2018-06-13 16:21:06.928000,0.1875,0.5,-1.015625
