2018-10-11 11:50:21.060000,0.046875,0.9375,0.25
2018-10-11 11:50:21.070000,0.046875,0.9375,0.25
2018-10-11 11:50:21.080000,0.046875,0.9375,0.25
2018-10-11 11:50:21.091000,0.046875,0.921875,0.265625
2018-10-11 11:50:21.101000,0.046875,0.921875,0.25
2018-10-11 11:50:21.111000,0.046875,0.9375,0.265625
2018-10-11 11:50:21.122000,0.046875,0.9375,0.25
2018-10-11 11:50:21.132000,0.046875,0.9375,0.25
2018-10-11 11:50:21.142000,0.046875,0.9375,0.25
2018-10-11 11:50:21.153000,0.046875,0.9375,0.25
2018-10-11 11:50:21.163000,0.046875,0.9375,0.25
2018-10-11 11:50:21.173000,0.046875,0.9375,0.25
2018-10-11 11:50:21.184000,0.046875,0.9375,0.25
2018-10-11 11:50:21.194000,0.046875,0.9375,0.25
2018-10-11 11:50:21.204000,0.046875,0.9375,0.25
2018-10-11 11:50:21.215000,0.046875,0.9375,0.25
2018-10-11 11:50:21.225000,0.046875,0.9375,0.25
2018-10-11 11:50:21.236000,0.046875,0.9375,0.25
2018-10-11 11:50:21.246000,0.046875,0.9375,0.25
2018-10-11 11:50:21.256000,0.046875,0.9375,0.25
2018-10-11 11:50:21.267000,0.046875,0.9375,0.25
2018-10-11 11:50:21.277000,0.046875,0.9375,0.25
2018-10-11 11:50:21.287000,0.046875,0.9375,0.25
2018-10-11 11:50:21.298000,0.046875,0.9375,0.25
2018-10-11 11:50:21.308000,0.046875,0.9375,0.25
2018-10-11 11:50:21.318000,0.046875,0.9375,0.25
2018-10-11 11:50:21.329000,0.046875,0.9375,0.25
2018-10-11 11:50:21.339000,0.046875,0.9375,0.25
2018-10-11 11:50:21.349000,0.046875,0.9375,0.234375
2018-10-11 11:50:21.360000,0.046875,0.9375,0.234375
2018-10-11 11:50:21.370000,0.046875,0.9375,0.25
2018-10-11 11:50:21.380000,0.046875,0.9375,0.25
2018-10-11 11:50:21.391000,0.046875,0.9375,0.25
2018-10-11 11:50:21.401000,0.03125,0.9375,0.25
2018-10-11 11:50:21.411000,0.03125,0.9375,0.25
2018-10-11 11:50:21.422000,0.046875,0.9375,0.25
2018-10-11 11:50:21.432000,0.046875,0.9375,0.234375
2018-10-11 11:50:21.442000,0.046875,0.9375,0.25
2018-10-11 11:50:21.452000,0.046875,0.9375,0.25
2018-10-11 11:50:21.463000,0.046875,0.9375,0.25
2018-10-11 11:50:21.473000,0.03125,0.9375,0.25
2018-10-11 11:50:21.484000,0.046875,0.9375,0.234375
2018-10-11 11:50:21.494000,0.046875,0.953125,0.234375
2018-10-11 11:50:21.504000,0.046875,0.9375,0.234375
2018-10-11 11:50:21.514000,0.046875,0.9375,0.234375
2018-10-11 11:50:21.525000,0.0625,0.953125,0.234375
2018-10-11 11:50:21.535000,0.0625,0.953125,0.234375
2018-10-11 11:50:21.545000,0.046875,0.9375,0.234375
2018-10-11 11:50:21.556000,0.046875,0.9375,0.234375
2018-10-11 11:50:21.566000,0.0625,0.953125,0.234375
2018-10-11 11:50:21.576000,0.0625,0.9375,0.234375
2018-10-11 11:50:21.587000,0.046875,0.9375,0.234375
2018-10-11 11:50:21.597000,0.0625,0.953125,0.234375
2018-10-11 11:50:21.607000,0.0625,0.953125,0.234375
2018-10-11 11:50:21.618000,0.078125,0.953125,0.234375
2018-10-11 11:50:21.628000,0.078125,0.9375,0.234375
2018-10-11 11:50:21.638000,0.078125,0.953125,0.234375
2018-10-11 11:50:21.649000,0.078125,0.9375,0.234375
2018-10-11 11:50:21.659000,0.078125,0.953125,0.234375
2018-10-11 11:50:21.670000,0.078125,0.953125,0.234375
2018-10-11 11:50:21.680000,0.078125,0.953125,0.234375
2018-10-11 11:50:21.690000,0.078125,0.953125,0.234375
2018-10-11 11:50:21.701000,0.078125,0.9375,0.234375
2018-10-11 11:50:21.711000,0.078125,0.953125,0.234375
2018-10-11 11:50:21.721000,0.078125,0.953125,0.234375
2018-10-11 11:50:21.732000,0.078125,0.9375,0.234375
2018-10-11 11:50:21.742000,0.078125,0.953125,0.234375
2018-10-11 11:50:21.752000,0.078125,0.953125,0.234375
2018-10-11 11:50:21.763000,0.078125,0.9375,0.234375
2018-10-11 11:50:21.773000,0.078125,0.953125,0.234375
2018-10-11 11:50:21.783000,0.078125,0.9375,0.234375
2018-10-11 11:50:21.794000,0.0625,0.953125,0.234375
2018-10-11 11:50:21.804000,0.0625,0.9375,0.234375
2018-10-11 11:50:21.814000,0.0625,0.953125,0.234375
2018-10-11 11:50:21.825000,0.0625,0.9375,0.234375
2018-10-11 11:50:21.835000,0.0625,0.953125,0.234375
2018-10-11 11:50:21.845000,0.046875,0.9375,0.234375
2018-10-11 11:50:21.856000,0.0625,0.9375,0.234375
2018-10-11 11:50:21.866000,0.0625,0.953125,0.234375
2018-10-11 11:50:21.876000,0.046875,0.9375,0.234375
2018-10-11 11:50:21.887000,0.046875,0.9375,0.234375
2018-10-11 11:50:21.897000,0.046875,0.9375,0.234375
2018-10-11 11:50:21.907000,0.046875,0.9375,0.234375
2018-10-11 11:50:21.917000,0.0625,0.9375,0.234375
2018-10-11 11:50:21.928000,0.0625,0.9375,0.234375
2018-10-11 11:50:21.938000,0.0625,0.9375,0.234375
2018-10-11 11:50:21.948000,0.0625,0.9375,0.234375
2018-10-11 11:50:21.959000,0.046875,0.9375,0.234375
2018-10-11 11:50:21.969000,0.0625,0.9375,0.234375
2018-10-11 11:50:21.979000,0.0625,0.9375,0.234375
2018-10-11 11:50:21.990000,0.0625,0.9375,0.234375
2018-10-11 11:50:22,0.0625,0.9375,0.234375
2018-10-11 11:50:22.010000,0.0625,0.9375,0.234375
2018-10-11 11:50:22.021000,0.0625,0.9375,0.234375
2018-10-11 11:50:22.031000,0.0625,0.9375,0.234375
2018-10-11 11:50:22.041000,0.0625,0.953125,0.234375
2018-10-11 11:50:22.052000,0.0625,0.953125,0.234375
2018-10-11 11:50:22.062000,0.0625,0.9375,0.234375
2018-10-11 11:50:22.072000,0.0625,0.953125,0.234375
2018-10-11 11:50:22.083000,0.0625,0.9375,0.234375
2018-10-11 11:50:22.093000,0.0625,0.953125,0.234375
2018-10-11 11:50:22.104000,0.0625,0.9375,0.234375
2018-10-11 11:50:22.114000,0.0625,0.953125,0.234375
2018-10-11 11:50:22.124000,0.0625,0.9375,0.234375
2018-10-11 11:50:22.135000,0.0625,0.953125,0.234375
2018-10-11 11:50:22.145000,0.0625,0.9375,0.234375
2018-10-11 11:50:22.155000,0.078125,0.9375,0.234375
2018-10-11 11:50:22.166000,0.0625,0.953125,0.234375
2018-10-11 11:50:22.176000,0.0625,0.9375,0.234375
2018-10-11 11:50:22.186000,0.0625,0.9375,0.234375
2018-10-11 11:50:22.197000,0.0625,0.9375,0.234375
2018-10-11 11:50:22.207000,0.0625,0.9375,0.234375
2018-10-11 11:50:22.217000,0.078125,0.953125,0.234375
2018-10-11 11:50:22.228000,0.078125,0.9375,0.234375
2018-10-11 11:50:22.238000,0.0625,0.953125,0.234375
2018-10-11 11:50:22.248000,0.046875,0.953125,0.234375
2018-10-11 11:50:22.259000,0.0625,0.9375,0.234375
2018-10-11 11:50:22.269000,0.0625,0.9375,0.234375
2018-10-11 11:50:22.279000,0.0625,0.9375,0.234375
2018-10-11 11:50:22.290000,0.0625,0.953125,0.234375
2018-10-11 11:50:22.300000,0.046875,0.9375,0.234375
2018-10-11 11:50:22.310000,0.046875,0.953125,0.234375
2018-10-11 11:50:22.320000,0.0625,0.9375,0.25
2018-10-11 11:50:22.331000,0.0625,0.9375,0.25
2018-10-11 11:50:22.341000,0.0625,0.9375,0.25
2018-10-11 11:50:22.352000,0.0625,0.9375,0.25
2018-10-11 11:50:22.362000,0.0625,0.9375,0.25
2018-10-11 11:50:22.372000,0.046875,0.9375,0.25
2018-10-11 11:50:22.382000,0.046875,0.9375,0.25
2018-10-11 11:50:22.393000,0.046875,0.9375,0.25
2018-10-11 11:50:22.403000,0.046875,0.9375,0.25
2018-10-11 11:50:22.413000,0.046875,0.9375,0.25
2018-10-11 11:50:22.424000,0.0625,0.9375,0.25
2018-10-11 11:50:22.434000,0.046875,0.9375,0.25
2018-10-11 11:50:22.444000,0.0625,0.9375,0.25
2018-10-11 11:50:22.455000,0.0625,0.9375,0.234375
2018-10-11 11:50:22.465000,0.0625,0.9375,0.234375
2018-10-11 11:50:22.475000,0.078125,0.9375,0.234375
2018-10-11 11:50:22.486000,0.078125,0.9375,0.234375
2018-10-11 11:50:22.496000,0.078125,0.9375,0.234375
2018-10-11 11:50:22.506000,0.078125,0.9375,0.234375
2018-10-11 11:50:22.517000,0.078125,0.953125,0.234375
2018-10-11 11:50:22.527000,0.0625,0.9375,0.234375
2018-10-11 11:50:22.538000,0.0625,0.9375,0.25
2018-10-11 11:50:22.548000,0.0625,0.953125,0.234375
2018-10-11 11:50:22.558000,0.078125,0.9375,0.25
2018-10-11 11:50:22.569000,0.0625,0.9375,0.25
2018-10-11 11:50:22.579000,0.0625,0.9375,0.25
2018-10-11 11:50:22.589000,0.0625,0.9375,0.25
2018-10-11 11:50:22.600000,0.0625,0.9375,0.25
2018-10-11 11:50:22.610000,0.0625,0.9375,0.25
2018-10-11 11:50:22.620000,0.0625,0.9375,0.25
2018-10-11 11:50:22.631000,0.0625,0.9375,0.234375
2018-10-11 11:50:22.641000,0.0625,0.9375,0.25
2018-10-11 11:50:22.651000,0.0625,0.9375,0.25
2018-10-11 11:50:22.662000,0.046875,0.9375,0.25
2018-10-11 11:50:22.672000,0.046875,0.9375,0.25
2018-10-11 11:50:22.682000,0.046875,0.9375,0.25
2018-10-11 11:50:22.693000,0.046875,0.9375,0.265625
2018-10-11 11:50:22.703000,0.046875,0.9375,0.265625
2018-10-11 11:50:22.713000,0.046875,0.9375,0.25
2018-10-11 11:50:22.724000,0.046875,0.921875,0.265625
2018-10-11 11:50:22.734000,0.046875,0.9375,0.265625
2018-10-11 11:50:22.744000,0.046875,0.9375,0.265625
2018-10-11 11:50:22.755000,0.046875,0.921875,0.28125
2018-10-11 11:50:22.765000,0.03125,0.921875,0.28125
2018-10-11 11:50:22.775000,0.046875,0.921875,0.28125
2018-10-11 11:50:22.785000,0.03125,0.9375,0.28125
2018-10-11 11:50:22.796000,0.03125,0.921875,0.265625
2018-10-11 11:50:22.806000,0.03125,0.921875,0.28125
2018-10-11 11:50:22.816000,0.03125,0.9375,0.28125
2018-10-11 11:50:22.827000,0.046875,0.9375,0.265625
2018-10-11 11:50:22.837000,0.046875,0.9375,0.265625
2018-10-11 11:50:22.847000,0.046875,0.9375,0.265625
2018-10-11 11:50:22.858000,0.046875,0.9375,0.265625
2018-10-11 11:50:22.868000,0.046875,0.9375,0.25
2018-10-11 11:50:22.878000,0.046875,0.9375,0.25
2018-10-11 11:50:22.889000,0.046875,0.9375,0.265625
2018-10-11 11:50:22.899000,0.046875,0.9375,0.265625
2018-10-11 11:50:22.909000,0.03125,0.9375,0.265625
2018-10-11 11:50:22.920000,0.046875,0.921875,0.265625
2018-10-11 11:50:22.930000,0.046875,0.9375,0.265625
2018-10-11 11:50:22.941000,0.046875,0.9375,0.265625
2018-10-11 11:50:22.951000,0.046875,0.9375,0.265625
2018-10-11 11:50:22.961000,0.03125,0.9375,0.265625
2018-10-11 11:50:22.972000,0.03125,0.921875,0.265625
2018-10-11 11:50:22.982000,0.03125,0.921875,0.28125
2018-10-11 11:50:22.992000,0.015625,0.9375,0.28125
2018-10-11 11:50:23.003000,0.015625,0.921875,0.28125
2018-10-11 11:50:23.013000,0.015625,0.921875,0.28125
2018-10-11 11:50:23.023000,0.015625,0.921875,0.28125
2018-10-11 11:50:23.034000,0.0,0.921875,0.28125
2018-10-11 11:50:23.044000,0.015625,0.921875,0.28125
2018-10-11 11:50:23.054000,0.0,0.921875,0.28125
2018-10-11 11:50:23.065000,0.015625,0.921875,0.28125
2018-10-11 11:50:23.075000,0.0,0.921875,0.296875
2018-10-11 11:50:23.085000,0.015625,0.921875,0.296875
2018-10-11 11:50:23.096000,0.015625,0.921875,0.28125
2018-10-11 11:50:23.106000,0.015625,0.9375,0.28125
2018-10-11 11:50:23.116000,0.015625,0.9375,0.28125
2018-10-11 11:50:23.127000,0.015625,0.921875,0.28125
2018-10-11 11:50:23.137000,0.015625,0.921875,0.265625
2018-10-11 11:50:23.147000,0.03125,0.9375,0.265625
2018-10-11 11:50:23.158000,0.03125,0.9375,0.265625
2018-10-11 11:50:23.168000,0.03125,0.9375,0.265625
2018-10-11 11:50:23.178000,0.03125,0.9375,0.25
2018-10-11 11:50:23.188000,0.03125,0.9375,0.265625
2018-10-11 11:50:23.199000,0.03125,0.9375,0.265625
2018-10-11 11:50:23.209000,0.03125,0.9375,0.265625
2018-10-11 11:50:23.219000,0.03125,0.9375,0.265625
2018-10-11 11:50:23.230000,0.03125,0.9375,0.265625
2018-10-11 11:50:23.240000,0.046875,0.9375,0.265625
2018-10-11 11:50:23.250000,0.03125,0.9375,0.265625
2018-10-11 11:50:23.261000,0.03125,0.9375,0.265625
2018-10-11 11:50:23.271000,0.03125,0.9375,0.265625
2018-10-11 11:50:23.281000,0.03125,0.9375,0.265625
2018-10-11 11:50:23.292000,0.046875,0.9375,0.265625
2018-10-11 11:50:23.302000,0.046875,0.921875,0.28125
2018-10-11 11:50:23.312000,0.03125,0.921875,0.265625
2018-10-11 11:50:23.323000,0.03125,0.9375,0.265625
2018-10-11 11:50:23.333000,0.03125,0.921875,0.28125
2018-10-11 11:50:23.343000,0.03125,0.921875,0.265625
2018-10-11 11:50:23.354000,0.03125,0.9375,0.28125
2018-10-11 11:50:23.364000,0.03125,0.9375,0.28125
2018-10-11 11:50:23.375000,0.03125,0.9375,0.28125
2018-10-11 11:50:23.385000,0.03125,0.921875,0.28125
2018-10-11 11:50:23.395000,0.03125,0.921875,0.28125
2018-10-11 11:50:23.406000,0.03125,0.9375,0.265625
2018-10-11 11:50:23.416000,0.03125,0.9375,0.265625
2018-10-11 11:50:23.426000,0.03125,0.921875,0.28125
2018-10-11 11:50:23.437000,0.03125,0.9375,0.28125
2018-10-11 11:50:23.447000,0.03125,0.9375,0.28125
2018-10-11 11:50:23.457000,0.03125,0.921875,0.265625
2018-10-11 11:50:23.468000,0.03125,0.921875,0.265625
2018-10-11 11:50:23.478000,0.03125,0.921875,0.265625
2018-10-11 11:50:23.488000,0.03125,0.9375,0.28125
2018-10-11 11:50:23.499000,0.03125,0.921875,0.265625
2018-10-11 11:50:23.509000,0.03125,0.921875,0.28125
2018-10-11 11:50:23.519000,0.015625,0.9375,0.28125
2018-10-11 11:50:23.530000,0.03125,0.921875,0.28125
2018-10-11 11:50:23.540000,0.03125,0.921875,0.265625
2018-10-11 11:50:23.550000,0.03125,0.921875,0.28125
2018-10-11 11:50:23.561000,0.03125,0.921875,0.28125
2018-10-11 11:50:23.571000,0.03125,0.9375,0.265625
2018-10-11 11:50:23.581000,0.03125,0.9375,0.28125
2018-10-11 11:50:23.591000,0.046875,0.9375,0.265625
2018-10-11 11:50:23.602000,0.046875,0.9375,0.265625
2018-10-11 11:50:23.612000,0.046875,0.9375,0.265625
2018-10-11 11:50:23.622000,0.046875,0.9375,0.265625
2018-10-11 11:50:23.633000,0.046875,0.9375,0.265625
2018-10-11 11:50:23.643000,0.046875,0.9375,0.265625
2018-10-11 11:50:23.653000,0.046875,0.9375,0.265625
2018-10-11 11:50:23.664000,0.046875,0.9375,0.265625
2018-10-11 11:50:23.674000,0.046875,0.9375,0.265625
2018-10-11 11:50:23.684000,0.046875,0.921875,0.265625
2018-10-11 11:50:23.695000,0.046875,0.9375,0.265625
2018-10-11 11:50:23.705000,0.046875,0.9375,0.265625
2018-10-11 11:50:23.715000,0.046875,0.9375,0.265625
2018-10-11 11:50:23.726000,0.046875,0.9375,0.265625
2018-10-11 11:50:23.736000,0.046875,0.9375,0.265625
2018-10-11 11:50:23.746000,0.046875,0.9375,0.265625
2018-10-11 11:50:23.757000,0.046875,0.9375,0.25
2018-10-11 11:50:23.767000,0.03125,0.9375,0.265625
2018-10-11 11:50:23.777000,0.03125,0.9375,0.265625
2018-10-11 11:50:23.788000,0.03125,0.9375,0.265625
2018-10-11 11:50:23.798000,0.03125,0.9375,0.265625
2018-10-11 11:50:23.809000,0.03125,0.921875,0.265625
2018-10-11 11:50:23.819000,0.03125,0.9375,0.265625
2018-10-11 11:50:23.829000,0.03125,0.921875,0.265625
2018-10-11 11:50:23.840000,0.03125,0.921875,0.265625
2018-10-11 11:50:23.850000,0.03125,0.9375,0.265625
2018-10-11 11:50:23.860000,0.03125,0.9375,0.265625
2018-10-11 11:50:23.871000,0.03125,0.921875,0.265625
2018-10-11 11:50:23.881000,0.03125,0.921875,0.265625
2018-10-11 11:50:23.892000,0.03125,0.9375,0.265625
2018-10-11 11:50:23.902000,0.03125,0.921875,0.265625
2018-10-11 11:50:23.912000,0.046875,0.9375,0.265625
2018-10-11 11:50:23.923000,0.046875,0.921875,0.265625
2018-10-11 11:50:23.933000,0.046875,0.921875,0.265625
2018-10-11 11:50:23.944000,0.03125,0.9375,0.265625
2018-10-11 11:50:23.954000,0.046875,0.9375,0.265625
2018-10-11 11:50:23.965000,0.046875,0.9375,0.265625
2018-10-11 11:50:23.975000,0.046875,0.9375,0.265625
2018-10-11 11:50:23.985000,0.046875,0.9375,0.265625
2018-10-11 11:50:23.996000,0.046875,0.9375,0.28125
2018-10-11 11:50:24.006000,0.046875,0.9375,0.265625
2018-10-11 11:50:24.017000,0.046875,0.9375,0.265625
2018-10-11 11:50:24.027000,0.046875,0.9375,0.265625
2018-10-11 11:50:24.037000,0.046875,0.9375,0.265625
2018-10-11 11:50:24.048000,0.046875,0.9375,0.265625
2018-10-11 11:50:24.058000,0.046875,0.9375,0.265625
2018-10-11 11:50:24.069000,0.046875,0.9375,0.265625
2018-10-11 11:50:24.079000,0.046875,0.9375,0.265625
2018-10-11 11:50:24.090000,0.046875,0.9375,0.265625
2018-10-11 11:50:24.100000,0.0625,0.9375,0.265625
2018-10-11 11:50:24.110000,0.046875,0.9375,0.265625
2018-10-11 11:50:24.121000,0.046875,0.9375,0.265625
2018-10-11 11:50:24.131000,0.046875,0.9375,0.265625
2018-10-11 11:50:24.142000,0.046875,0.9375,0.265625
2018-10-11 11:50:24.152000,0.046875,0.921875,0.265625
2018-10-11 11:50:24.162000,0.046875,0.9375,0.265625
2018-10-11 11:50:24.173000,0.046875,0.9375,0.265625
2018-10-11 11:50:24.183000,0.03125,0.921875,0.265625
2018-10-11 11:50:24.194000,0.03125,0.9375,0.265625
2018-10-11 11:50:24.204000,0.046875,0.921875,0.265625
2018-10-11 11:50:24.215000,0.046875,0.9375,0.265625
2018-10-11 11:50:24.225000,0.046875,0.9375,0.265625
2018-10-11 11:50:24.235000,0.046875,0.9375,0.265625
2018-10-11 11:50:24.246000,0.046875,0.921875,0.265625
2018-10-11 11:50:24.256000,0.046875,0.921875,0.265625
2018-10-11 11:50:24.267000,0.046875,0.9375,0.265625
2018-10-11 11:50:24.277000,0.046875,0.9375,0.265625
2018-10-11 11:50:24.287000,0.046875,0.921875,0.265625
2018-10-11 11:50:24.298000,0.046875,0.9375,0.265625
2018-10-11 11:50:24.308000,0.046875,0.9375,0.265625
2018-10-11 11:50:24.319000,0.046875,0.9375,0.265625
2018-10-11 11:50:24.329000,0.046875,0.9375,0.265625
2018-10-11 11:50:24.340000,0.046875,0.9375,0.265625
2018-10-11 11:50:24.350000,0.046875,0.921875,0.265625
2018-10-11 11:50:24.360000,0.046875,0.9375,0.265625
2018-10-11 11:50:24.371000,0.046875,0.9375,0.265625
2018-10-11 11:50:24.381000,0.046875,0.9375,0.25
2018-10-11 11:50:24.392000,0.046875,0.9375,0.265625
2018-10-11 11:50:24.402000,0.046875,0.9375,0.265625
2018-10-11 11:50:24.412000,0.046875,0.9375,0.265625
2018-10-11 11:50:24.423000,0.046875,0.9375,0.265625
2018-10-11 11:50:24.433000,0.046875,0.9375,0.265625
2018-10-11 11:50:24.444000,0.046875,0.921875,0.265625
2018-10-11 11:50:24.454000,0.03125,0.9375,0.265625
2018-10-11 11:50:24.465000,0.03125,0.921875,0.265625
2018-10-11 11:50:24.475000,0.03125,0.9375,0.265625
2018-10-11 11:50:24.485000,0.046875,0.921875,0.265625
2018-10-11 11:50:24.496000,0.046875,0.9375,0.265625
2018-10-11 11:50:24.506000,0.046875,0.9375,0.265625
2018-10-11 11:50:24.517000,0.046875,0.9375,0.265625
2018-10-11 11:50:24.527000,0.046875,0.9375,0.25
2018-10-11 11:50:24.537000,0.046875,0.9375,0.265625
2018-10-11 11:50:24.548000,0.046875,0.9375,0.25
2018-10-11 11:50:24.558000,0.046875,0.9375,0.25
2018-10-11 11:50:24.569000,0.046875,0.9375,0.265625
2018-10-11 11:50:24.579000,0.046875,0.9375,0.25
2018-10-11 11:50:24.590000,0.046875,0.9375,0.25
2018-10-11 11:50:24.600000,0.046875,0.9375,0.25
2018-10-11 11:50:24.610000,0.046875,0.9375,0.25
2018-10-11 11:50:24.621000,0.046875,0.9375,0.25
2018-10-11 11:50:24.631000,0.046875,0.9375,0.265625
2018-10-11 11:50:24.642000,0.046875,0.9375,0.265625
2018-10-11 11:50:24.652000,0.046875,0.9375,0.265625
2018-10-11 11:50:24.662000,0.046875,0.9375,0.265625
2018-10-11 11:50:24.673000,0.046875,0.9375,0.25
2018-10-11 11:50:24.683000,0.046875,0.9375,0.265625
2018-10-11 11:50:24.694000,0.046875,0.9375,0.25
2018-10-11 11:50:24.704000,0.046875,0.9375,0.25
2018-10-11 11:50:24.715000,0.046875,0.9375,0.25
2018-10-11 11:50:24.725000,0.046875,0.9375,0.25
2018-10-11 11:50:24.735000,0.046875,0.9375,0.25
2018-10-11 11:50:24.746000,0.046875,0.9375,0.265625
2018-10-11 11:50:24.756000,0.046875,0.9375,0.265625
2018-10-11 11:50:24.767000,0.046875,0.9375,0.25
2018-10-11 11:50:24.777000,0.046875,0.9375,0.25
2018-10-11 11:50:24.787000,0.046875,0.9375,0.25
2018-10-11 11:50:24.798000,0.046875,0.9375,0.265625
2018-10-11 11:50:24.808000,0.046875,0.9375,0.265625
2018-10-11 11:50:24.819000,0.03125,0.9375,0.265625
2018-10-11 11:50:24.829000,0.046875,0.921875,0.265625
2018-10-11 11:50:24.840000,0.03125,0.9375,0.265625
2018-10-11 11:50:24.850000,0.03125,0.9375,0.265625
2018-10-11 11:50:24.860000,0.03125,0.921875,0.265625
2018-10-11 11:50:24.871000,0.015625,0.9375,0.265625
2018-10-11 11:50:24.881000,0.03125,0.921875,0.265625
2018-10-11 11:50:24.892000,0.03125,0.9375,0.265625
2018-10-11 11:50:24.902000,0.046875,0.9375,0.265625
2018-10-11 11:50:24.912000,0.046875,0.9375,0.265625
2018-10-11 11:50:24.923000,0.046875,0.9375,0.265625
2018-10-11 11:50:24.933000,0.03125,0.9375,0.265625
2018-10-11 11:50:24.944000,0.0625,0.9375,0.25
2018-10-11 11:50:24.954000,0.0625,0.9375,0.25
2018-10-11 11:50:24.965000,0.0625,0.9375,0.25
2018-10-11 11:50:24.975000,0.0625,0.9375,0.25
2018-10-11 11:50:24.985000,0.0625,0.9375,0.25
2018-10-11 11:50:24.996000,0.0625,0.9375,0.25
2018-10-11 11:50:25.006000,0.0625,0.9375,0.25
2018-10-11 11:50:25.017000,0.078125,0.9375,0.25
2018-10-11 11:50:25.027000,0.078125,0.9375,0.25
2018-10-11 11:50:25.037000,0.078125,0.9375,0.25
2018-10-11 11:50:25.048000,0.078125,0.9375,0.234375
2018-10-11 11:50:25.058000,0.0625,0.9375,0.234375
2018-10-11 11:50:25.069000,0.0625,0.9375,0.25
2018-10-11 11:50:25.079000,0.0625,0.953125,0.25
2018-10-11 11:50:25.090000,0.0625,0.9375,0.234375
2018-10-11 11:50:25.100000,0.0625,0.9375,0.25
2018-10-11 11:50:25.110000,0.078125,0.9375,0.25
2018-10-11 11:50:25.121000,0.046875,0.953125,0.25
2018-10-11 11:50:25.131000,0.0625,0.9375,0.25
2018-10-11 11:50:25.141000,0.0625,0.9375,0.234375
2018-10-11 11:50:25.152000,0.0625,0.9375,0.25
2018-10-11 11:50:25.162000,0.0625,0.9375,0.25
2018-10-11 11:50:25.172000,0.0625,0.9375,0.25
2018-10-11 11:50:25.183000,0.0625,0.9375,0.25
2018-10-11 11:50:25.193000,0.0625,0.9375,0.25
2018-10-11 11:50:25.203000,0.0625,0.9375,0.25
2018-10-11 11:50:25.214000,0.0625,0.9375,0.25
2018-10-11 11:50:25.224000,0.0625,0.9375,0.25
2018-10-11 11:50:25.234000,0.0625,0.9375,0.25
2018-10-11 11:50:25.244000,0.0625,0.9375,0.25
2018-10-11 11:50:25.255000,0.0625,0.9375,0.25
2018-10-11 11:50:25.265000,0.0625,0.9375,0.25
2018-10-11 11:50:25.276000,0.046875,0.9375,0.25
2018-10-11 11:50:25.286000,0.0625,0.9375,0.234375
2018-10-11 11:50:25.296000,0.046875,0.9375,0.234375
2018-10-11 11:50:25.306000,0.0625,0.9375,0.234375
2018-10-11 11:50:25.317000,0.0625,0.9375,0.234375
2018-10-11 11:50:25.327000,0.046875,0.9375,0.25
2018-10-11 11:50:25.337000,0.046875,0.9375,0.25
2018-10-11 11:50:25.348000,0.046875,0.9375,0.25
2018-10-11 11:50:25.358000,0.046875,0.9375,0.25
2018-10-11 11:50:25.368000,0.046875,0.9375,0.25
2018-10-11 11:50:25.379000,0.046875,0.9375,0.25
2018-10-11 11:50:25.389000,0.046875,0.9375,0.25
2018-10-11 11:50:25.399000,0.046875,0.9375,0.25
2018-10-11 11:50:25.410000,0.046875,0.9375,0.25
2018-10-11 11:50:25.420000,0.046875,0.9375,0.25
2018-10-11 11:50:25.430000,0.0625,0.9375,0.25
2018-10-11 11:50:25.441000,0.0625,0.9375,0.25
2018-10-11 11:50:25.451000,0.046875,0.9375,0.25
2018-10-11 11:50:25.461000,0.0625,0.9375,0.25
2018-10-11 11:50:25.472000,0.046875,0.9375,0.25
2018-10-11 11:50:25.482000,0.0625,0.9375,0.25
2018-10-11 11:50:25.493000,0.046875,0.9375,0.25
2018-10-11 11:50:25.503000,0.046875,0.9375,0.25
2018-10-11 11:50:25.513000,0.046875,0.9375,0.25
2018-10-11 11:50:25.524000,0.0625,0.9375,0.25
2018-10-11 11:50:25.534000,0.046875,0.9375,0.25
2018-10-11 11:50:25.544000,0.046875,0.9375,0.25
2018-10-11 11:50:25.555000,0.0625,0.9375,0.25
2018-10-11 11:50:25.565000,0.0625,0.9375,0.234375
2018-10-11 11:50:25.575000,0.0625,0.9375,0.25
2018-10-11 11:50:25.586000,0.0625,0.9375,0.25
2018-10-11 11:50:25.596000,0.0625,0.9375,0.25
2018-10-11 11:50:25.606000,0.0625,0.9375,0.25
2018-10-11 11:50:25.617000,0.0625,0.9375,0.25
2018-10-11 11:50:25.627000,0.046875,0.9375,0.25
2018-10-11 11:50:25.637000,0.046875,0.9375,0.25
2018-10-11 11:50:25.648000,0.046875,0.9375,0.25
2018-10-11 11:50:25.658000,0.0625,0.9375,0.25
2018-10-11 11:50:25.668000,0.0625,0.9375,0.25
2018-10-11 11:50:25.679000,0.0625,0.9375,0.25
2018-10-11 11:50:25.689000,0.0625,0.9375,0.25
2018-10-11 11:50:25.699000,0.0625,0.9375,0.25
2018-10-11 11:50:25.709000,0.046875,0.9375,0.25
2018-10-11 11:50:25.720000,0.0625,0.9375,0.25
2018-10-11 11:50:25.730000,0.0625,0.9375,0.234375
2018-10-11 11:50:25.740000,0.0625,0.9375,0.25
2018-10-11 11:50:25.751000,0.046875,0.9375,0.25
2018-10-11 11:50:25.761000,0.046875,0.9375,0.25
2018-10-11 11:50:25.771000,0.046875,0.9375,0.25
2018-10-11 11:50:25.782000,0.0625,0.9375,0.25
2018-10-11 11:50:25.792000,0.0625,0.9375,0.25
2018-10-11 11:50:25.802000,0.0625,0.9375,0.25
2018-10-11 11:50:25.813000,0.0625,0.9375,0.234375
2018-10-11 11:50:25.823000,0.0625,0.9375,0.234375
2018-10-11 11:50:25.833000,0.0625,0.953125,0.234375
2018-10-11 11:50:25.844000,0.0625,0.9375,0.234375
2018-10-11 11:50:25.854000,0.0625,0.9375,0.234375
2018-10-11 11:50:25.864000,0.0625,0.9375,0.234375
2018-10-11 11:50:25.875000,0.0625,0.9375,0.234375
2018-10-11 11:50:25.885000,0.0625,0.953125,0.234375
2018-10-11 11:50:25.895000,0.0625,0.9375,0.234375
2018-10-11 11:50:25.906000,0.0625,0.9375,0.234375
2018-10-11 11:50:25.916000,0.0625,0.9375,0.234375
2018-10-11 11:50:25.927000,0.078125,0.9375,0.234375
2018-10-11 11:50:25.937000,0.078125,0.9375,0.234375
2018-10-11 11:50:25.947000,0.078125,0.9375,0.234375
2018-10-11 11:50:25.958000,0.078125,0.9375,0.234375
2018-10-11 11:50:25.968000,0.0625,0.9375,0.234375
2018-10-11 11:50:25.978000,0.0625,0.9375,0.234375
2018-10-11 11:50:25.989000,0.0625,0.953125,0.25
2018-10-11 11:50:25.999000,0.0625,0.9375,0.25
2018-10-11 11:50:26.009000,0.0625,0.9375,0.25
2018-10-11 11:50:26.020000,0.046875,0.953125,0.25
2018-10-11 11:50:26.030000,0.046875,0.9375,0.25
2018-10-11 11:50:26.040000,0.046875,0.9375,0.25
2018-10-11 11:50:26.051000,0.0625,0.9375,0.25
2018-10-11 11:50:26.061000,0.0625,0.9375,0.234375
2018-10-11 11:50:26.071000,0.0625,0.9375,0.234375
2018-10-11 11:50:26.082000,0.0625,0.9375,0.234375
2018-10-11 11:50:26.092000,0.0625,0.9375,0.25
2018-10-11 11:50:26.102000,0.0625,0.9375,0.234375
2018-10-11 11:50:26.113000,0.0625,0.9375,0.25
2018-10-11 11:50:26.123000,0.0625,0.9375,0.234375
2018-10-11 11:50:26.133000,0.0625,0.9375,0.234375
2018-10-11 11:50:26.144000,0.0625,0.9375,0.25
2018-10-11 11:50:26.154000,0.0625,0.9375,0.234375
2018-10-11 11:50:26.164000,0.0625,0.9375,0.234375
2018-10-11 11:50:26.174000,0.078125,0.9375,0.234375
2018-10-11 11:50:26.185000,0.0625,0.9375,0.234375
2018-10-11 11:50:26.195000,0.0625,0.9375,0.234375
2018-10-11 11:50:26.205000,0.0625,0.9375,0.234375
2018-10-11 11:50:26.216000,0.0625,0.9375,0.234375
2018-10-11 11:50:26.226000,0.0625,0.9375,0.25
2018-10-11 11:50:26.236000,0.078125,0.9375,0.25
2018-10-11 11:50:26.247000,0.078125,0.9375,0.25
2018-10-11 11:50:26.257000,0.0625,0.9375,0.25
2018-10-11 11:50:26.267000,0.0625,0.953125,0.25
2018-10-11 11:50:26.278000,0.046875,0.9375,0.25
2018-10-11 11:50:26.288000,0.0625,0.9375,0.25
2018-10-11 11:50:26.298000,0.0625,0.9375,0.25
2018-10-11 11:50:26.309000,0.0625,0.9375,0.234375
2018-10-11 11:50:26.319000,0.0625,0.9375,0.234375
2018-10-11 11:50:26.329000,0.0625,0.9375,0.25
2018-10-11 11:50:26.340000,0.0625,0.9375,0.234375
2018-10-11 11:50:26.350000,0.0625,0.9375,0.234375
2018-10-11 11:50:26.361000,0.046875,0.9375,0.25
2018-10-11 11:50:26.371000,0.046875,0.953125,0.234375
2018-10-11 11:50:26.382000,0.0625,0.9375,0.25
2018-10-11 11:50:26.392000,0.078125,0.953125,0.234375
2018-10-11 11:50:26.402000,0.078125,0.9375,0.234375
2018-10-11 11:50:26.413000,0.0625,0.9375,0.234375
2018-10-11 11:50:26.423000,0.078125,0.9375,0.234375
2018-10-11 11:50:26.434000,0.078125,0.9375,0.234375
2018-10-11 11:50:26.444000,0.078125,0.9375,0.234375
2018-10-11 11:50:26.454000,0.078125,0.9375,0.234375
2018-10-11 11:50:26.465000,0.078125,0.953125,0.234375
2018-10-11 11:50:26.475000,0.078125,0.9375,0.25
2018-10-11 11:50:26.486000,0.0625,0.9375,0.25
2018-10-11 11:50:26.496000,0.0625,0.9375,0.25
2018-10-11 11:50:26.507000,0.0625,0.9375,0.25
2018-10-11 11:50:26.517000,0.0625,0.9375,0.25
2018-10-11 11:50:26.527000,0.0625,0.9375,0.25
2018-10-11 11:50:26.538000,0.0625,0.9375,0.25
2018-10-11 11:50:26.548000,0.0625,0.9375,0.25
2018-10-11 11:50:26.559000,0.078125,0.9375,0.25
2018-10-11 11:50:26.569000,0.078125,0.9375,0.25
2018-10-11 11:50:26.579000,0.078125,0.9375,0.25
2018-10-11 11:50:26.590000,0.078125,0.9375,0.25
2018-10-11 11:50:26.600000,0.078125,0.9375,0.25
2018-10-11 11:50:26.611000,0.078125,0.9375,0.25
2018-10-11 11:50:26.621000,0.0625,0.9375,0.25
2018-10-11 11:50:26.632000,0.0625,0.9375,0.25
2018-10-11 11:50:26.642000,0.0625,0.9375,0.25
2018-10-11 11:50:26.652000,0.0625,0.9375,0.25
2018-10-11 11:50:26.663000,0.078125,0.9375,0.25
2018-10-11 11:50:26.673000,0.078125,0.9375,0.25
2018-10-11 11:50:26.684000,0.078125,0.9375,0.25
2018-10-11 11:50:26.694000,0.078125,0.9375,0.25
2018-10-11 11:50:26.704000,0.078125,0.9375,0.234375
2018-10-11 11:50:26.715000,0.0625,0.9375,0.25
2018-10-11 11:50:26.725000,0.078125,0.9375,0.25
2018-10-11 11:50:26.736000,0.078125,0.9375,0.25
2018-10-11 11:50:26.746000,0.078125,0.9375,0.234375
2018-10-11 11:50:26.757000,0.078125,0.953125,0.25
2018-10-11 11:50:26.767000,0.0625,0.9375,0.25
2018-10-11 11:50:26.777000,0.0625,0.9375,0.25
2018-10-11 11:50:26.788000,0.0625,0.9375,0.25
2018-10-11 11:50:26.798000,0.046875,0.9375,0.25
2018-10-11 11:50:26.809000,0.046875,0.9375,0.25
2018-10-11 11:50:26.819000,0.046875,0.9375,0.25
2018-10-11 11:50:26.829000,0.046875,0.9375,0.25
2018-10-11 11:50:26.840000,0.046875,0.9375,0.25
2018-10-11 11:50:26.850000,0.046875,0.9375,0.25
2018-10-11 11:50:26.861000,0.046875,0.9375,0.25
2018-10-11 11:50:26.871000,0.046875,0.9375,0.25
2018-10-11 11:50:26.882000,0.046875,0.9375,0.25
2018-10-11 11:50:26.892000,0.046875,0.9375,0.25
2018-10-11 11:50:26.902000,0.046875,0.9375,0.265625
2018-10-11 11:50:26.913000,0.046875,0.9375,0.25
2018-10-11 11:50:26.923000,0.0625,0.9375,0.25
2018-10-11 11:50:26.934000,0.0625,0.9375,0.25
2018-10-11 11:50:26.944000,0.0625,0.9375,0.25
2018-10-11 11:50:26.954000,0.0625,0.9375,0.25
2018-10-11 11:50:26.965000,0.0625,0.9375,0.25
2018-10-11 11:50:26.975000,0.078125,0.9375,0.25
2018-10-11 11:50:26.986000,0.0625,0.9375,0.25
2018-10-11 11:50:26.996000,0.078125,0.9375,0.25
2018-10-11 11:50:27.007000,0.0625,0.9375,0.25
2018-10-11 11:50:27.017000,0.0625,0.9375,0.25
2018-10-11 11:50:27.027000,0.046875,0.9375,0.25
2018-10-11 11:50:27.038000,0.046875,0.9375,0.25
2018-10-11 11:50:27.048000,0.0625,0.9375,0.25
2018-10-11 11:50:27.059000,0.0625,0.9375,0.25
2018-10-11 11:50:27.069000,0.0625,0.9375,0.25
2018-10-11 11:50:27.079000,0.0625,0.9375,0.25
2018-10-11 11:50:27.090000,0.0625,0.9375,0.25
2018-10-11 11:50:27.100000,0.0625,0.9375,0.25
2018-10-11 11:50:27.111000,0.0625,0.9375,0.25
2018-10-11 11:50:27.121000,0.0625,0.9375,0.25
2018-10-11 11:50:27.132000,0.0625,0.9375,0.25
2018-10-11 11:50:27.142000,0.0625,0.9375,0.25
2018-10-11 11:50:27.152000,0.0625,0.9375,0.25
2018-10-11 11:50:27.163000,0.0625,0.9375,0.25
2018-10-11 11:50:27.173000,0.078125,0.9375,0.25
2018-10-11 11:50:27.184000,0.0625,0.9375,0.25
2018-10-11 11:50:27.194000,0.0625,0.9375,0.25
2018-10-11 11:50:27.204000,0.0625,0.9375,0.25
2018-10-11 11:50:27.215000,0.0625,0.9375,0.25
2018-10-11 11:50:27.225000,0.078125,0.9375,0.25
2018-10-11 11:50:27.236000,0.0625,0.9375,0.25
2018-10-11 11:50:27.246000,0.0625,0.9375,0.25
2018-10-11 11:50:27.257000,0.0625,0.9375,0.25
2018-10-11 11:50:27.267000,0.0625,0.9375,0.25
2018-10-11 11:50:27.277000,0.046875,0.9375,0.25
2018-10-11 11:50:27.288000,0.0625,0.9375,0.25
2018-10-11 11:50:27.298000,0.046875,0.9375,0.25
2018-10-11 11:50:27.309000,0.0625,0.9375,0.25
2018-10-11 11:50:27.319000,0.0625,0.9375,0.25
2018-10-11 11:50:27.329000,0.0625,0.9375,0.25
2018-10-11 11:50:27.340000,0.0625,0.9375,0.25
2018-10-11 11:50:27.350000,0.0625,0.9375,0.25
2018-10-11 11:50:27.361000,0.0625,0.9375,0.25
2018-10-11 11:50:27.371000,0.078125,0.9375,0.25
2018-10-11 11:50:27.382000,0.078125,0.9375,0.25
2018-10-11 11:50:27.392000,0.078125,0.9375,0.25
2018-10-11 11:50:27.402000,0.0625,0.9375,0.25
2018-10-11 11:50:27.413000,0.0625,0.9375,0.25
2018-10-11 11:50:27.423000,0.046875,0.9375,0.25
2018-10-11 11:50:27.434000,0.0625,0.9375,0.25
2018-10-11 11:50:27.444000,0.0625,0.9375,0.25
2018-10-11 11:50:27.454000,0.0625,0.9375,0.25
2018-10-11 11:50:27.465000,0.0625,0.9375,0.25
2018-10-11 11:50:27.475000,0.0625,0.9375,0.25
2018-10-11 11:50:27.486000,0.0625,0.9375,0.234375
2018-10-11 11:50:27.496000,0.078125,0.9375,0.25
2018-10-11 11:50:27.507000,0.078125,0.9375,0.25
2018-10-11 11:50:27.517000,0.0625,0.9375,0.25
2018-10-11 11:50:27.527000,0.0625,0.9375,0.25
2018-10-11 11:50:27.538000,0.0625,0.9375,0.25
2018-10-11 11:50:27.548000,0.03125,0.9375,0.25
2018-10-11 11:50:27.559000,0.03125,0.9375,0.25
2018-10-11 11:50:27.569000,0.0625,0.9375,0.25
2018-10-11 11:50:27.579000,0.0625,0.9375,0.25
2018-10-11 11:50:27.590000,0.046875,0.9375,0.25
2018-10-11 11:50:27.600000,0.046875,0.9375,0.25
2018-10-11 11:50:27.610000,0.0625,0.9375,0.25
2018-10-11 11:50:27.621000,0.0625,0.9375,0.25
2018-10-11 11:50:27.631000,0.0625,0.9375,0.25
2018-10-11 11:50:27.641000,0.0625,0.9375,0.25
2018-10-11 11:50:27.651000,0.0625,0.9375,0.25
2018-10-11 11:50:27.662000,0.046875,0.9375,0.25
2018-10-11 11:50:27.672000,0.046875,0.9375,0.25
2018-10-11 11:50:27.682000,0.0625,0.9375,0.25
2018-10-11 11:50:27.692000,0.046875,0.9375,0.25
2018-10-11 11:50:27.702000,0.0625,0.9375,0.25
2018-10-11 11:50:27.713000,0.0625,0.9375,0.25
2018-10-11 11:50:27.723000,0.0625,0.9375,0.25
2018-10-11 11:50:27.733000,0.0625,0.9375,0.25
2018-10-11 11:50:27.743000,0.0625,0.9375,0.25
2018-10-11 11:50:27.754000,0.0625,0.9375,0.25
2018-10-11 11:50:27.764000,0.0625,0.9375,0.25
2018-10-11 11:50:27.774000,0.0625,0.9375,0.234375
2018-10-11 11:50:27.784000,0.0625,0.9375,0.25
2018-10-11 11:50:27.795000,0.046875,0.9375,0.25
2018-10-11 11:50:27.805000,0.0625,0.9375,0.25
2018-10-11 11:50:27.815000,0.0625,0.9375,0.25
2018-10-11 11:50:27.826000,0.046875,0.9375,0.25
2018-10-11 11:50:27.836000,0.0625,0.9375,0.25
2018-10-11 11:50:27.846000,0.046875,0.9375,0.25
2018-10-11 11:50:27.856000,0.0625,0.9375,0.25
2018-10-11 11:50:27.867000,0.046875,0.921875,0.25
2018-10-11 11:50:27.877000,0.046875,0.9375,0.25
2018-10-11 11:50:27.887000,0.0625,0.9375,0.25
2018-10-11 11:50:27.897000,0.0625,0.9375,0.25
2018-10-11 11:50:27.908000,0.0625,0.9375,0.25
2018-10-11 11:50:27.918000,0.0625,0.9375,0.25
2018-10-11 11:50:27.928000,0.046875,0.9375,0.25
2018-10-11 11:50:27.938000,0.046875,0.9375,0.25
2018-10-11 11:50:27.948000,0.0625,0.9375,0.25
2018-10-11 11:50:27.959000,0.0625,0.9375,0.25
2018-10-11 11:50:27.969000,0.0625,0.9375,0.25
2018-10-11 11:50:27.979000,0.046875,0.9375,0.25
2018-10-11 11:50:27.989000,0.046875,0.9375,0.25
2018-10-11 11:50:28,0.046875,0.9375,0.25
2018-10-11 11:50:28.010000,0.046875,0.9375,0.25
2018-10-11 11:50:28.020000,0.046875,0.9375,0.25
2018-10-11 11:50:28.031000,0.046875,0.9375,0.25
2018-10-11 11:50:28.041000,0.046875,0.9375,0.25
2018-10-11 11:50:28.051000,0.046875,0.9375,0.25
2018-10-11 11:50:28.061000,0.046875,0.9375,0.25
2018-10-11 11:50:28.072000,0.0625,0.9375,0.25
2018-10-11 11:50:28.082000,0.0625,0.9375,0.25
2018-10-11 11:50:28.092000,0.0625,0.9375,0.25
2018-10-11 11:50:28.102000,0.0625,0.9375,0.25
2018-10-11 11:50:28.113000,0.0625,0.9375,0.25
2018-10-11 11:50:28.123000,0.0625,0.9375,0.25
2018-10-11 11:50:28.133000,0.0625,0.9375,0.25
2018-10-11 11:50:28.143000,0.0625,0.9375,0.234375
2018-10-11 11:50:28.153000,0.0625,0.9375,0.25
2018-10-11 11:50:28.164000,0.0625,0.9375,0.25
2018-10-11 11:50:28.174000,0.046875,0.9375,0.25
2018-10-11 11:50:28.184000,0.046875,0.9375,0.25
2018-10-11 11:50:28.194000,0.0625,0.9375,0.25
2018-10-11 11:50:28.205000,0.0625,0.9375,0.25
2018-10-11 11:50:28.215000,0.0625,0.9375,0.25
2018-10-11 11:50:28.225000,0.0625,0.9375,0.25
2018-10-11 11:50:28.236000,0.0625,0.9375,0.25
2018-10-11 11:50:28.246000,0.0625,0.9375,0.25
2018-10-11 11:50:28.256000,0.078125,0.9375,0.25
2018-10-11 11:50:28.266000,0.0625,0.9375,0.25
2018-10-11 11:50:28.277000,0.0625,0.9375,0.25
2018-10-11 11:50:28.287000,0.0625,0.9375,0.25
2018-10-11 11:50:28.297000,0.046875,0.9375,0.25
2018-10-11 11:50:28.307000,0.046875,0.9375,0.25
2018-10-11 11:50:28.318000,0.046875,0.9375,0.25
2018-10-11 11:50:28.328000,0.046875,0.9375,0.25
2018-10-11 11:50:28.338000,0.046875,0.9375,0.25
2018-10-11 11:50:28.348000,0.046875,0.9375,0.25
2018-10-11 11:50:28.359000,0.046875,0.9375,0.25
2018-10-11 11:50:28.369000,0.0625,0.9375,0.25
2018-10-11 11:50:28.379000,0.046875,0.9375,0.25
2018-10-11 11:50:28.389000,0.046875,0.9375,0.25
2018-10-11 11:50:28.399000,0.046875,0.9375,0.25
2018-10-11 11:50:28.410000,0.046875,0.9375,0.25
2018-10-11 11:50:28.420000,0.046875,0.9375,0.25
2018-10-11 11:50:28.430000,0.046875,0.9375,0.25
2018-10-11 11:50:28.441000,0.046875,0.9375,0.25
2018-10-11 11:50:28.451000,0.046875,0.9375,0.25
2018-10-11 11:50:28.461000,0.046875,0.9375,0.25
2018-10-11 11:50:28.471000,0.046875,0.9375,0.25
2018-10-11 11:50:28.482000,0.046875,0.9375,0.25
2018-10-11 11:50:28.492000,0.046875,0.9375,0.25
2018-10-11 11:50:28.502000,0.046875,0.9375,0.25
2018-10-11 11:50:28.512000,0.046875,0.9375,0.25
2018-10-11 11:50:28.523000,0.046875,0.9375,0.25
2018-10-11 11:50:28.533000,0.0625,0.9375,0.25
2018-10-11 11:50:28.543000,0.046875,0.9375,0.25
2018-10-11 11:50:28.553000,0.0625,0.9375,0.234375
2018-10-11 11:50:28.563000,0.0625,0.9375,0.25
2018-10-11 11:50:28.574000,0.0625,0.9375,0.25
2018-10-11 11:50:28.584000,0.0625,0.9375,0.25
2018-10-11 11:50:28.594000,0.0625,0.9375,0.25
2018-10-11 11:50:28.604000,0.0625,0.9375,0.25
2018-10-11 11:50:28.615000,0.0625,0.9375,0.25
2018-10-11 11:50:28.625000,0.046875,0.953125,0.25
2018-10-11 11:50:28.635000,0.046875,0.9375,0.25
2018-10-11 11:50:28.645000,0.0625,0.9375,0.25
2018-10-11 11:50:28.656000,0.0625,0.9375,0.25
2018-10-11 11:50:28.666000,0.0625,0.9375,0.25
2018-10-11 11:50:28.676000,0.0625,0.9375,0.25
2018-10-11 11:50:28.687000,0.0625,0.9375,0.25
2018-10-11 11:50:28.697000,0.0625,0.9375,0.25
2018-10-11 11:50:28.707000,0.0625,0.9375,0.25
2018-10-11 11:50:28.717000,0.0625,0.9375,0.234375
2018-10-11 11:50:28.728000,0.0625,0.9375,0.25
2018-10-11 11:50:28.738000,0.0625,0.9375,0.25
2018-10-11 11:50:28.748000,0.0625,0.9375,0.25
2018-10-11 11:50:28.758000,0.0625,0.953125,0.25
2018-10-11 11:50:28.769000,0.046875,0.9375,0.25
2018-10-11 11:50:28.779000,0.046875,0.9375,0.234375
2018-10-11 11:50:28.789000,0.046875,0.9375,0.25
2018-10-11 11:50:28.799000,0.046875,0.9375,0.25
2018-10-11 11:50:28.809000,0.046875,0.9375,0.25
2018-10-11 11:50:28.820000,0.0625,0.9375,0.25
2018-10-11 11:50:28.830000,0.0625,0.9375,0.25
2018-10-11 11:50:28.841000,0.0625,0.9375,0.25
2018-10-11 11:50:28.851000,0.046875,0.9375,0.25
2018-10-11 11:50:28.862000,0.0625,0.9375,0.25
2018-10-11 11:50:28.872000,0.0625,0.9375,0.25
2018-10-11 11:50:28.882000,0.0625,0.9375,0.25
2018-10-11 11:50:28.893000,0.0625,0.9375,0.25
2018-10-11 11:50:28.903000,0.0625,0.9375,0.25
2018-10-11 11:50:28.914000,0.0625,0.9375,0.25
2018-10-11 11:50:28.924000,0.0625,0.9375,0.25
2018-10-11 11:50:28.934000,0.0625,0.9375,0.234375
2018-10-11 11:50:28.945000,0.0625,0.9375,0.25
2018-10-11 11:50:28.955000,0.0625,0.9375,0.25
2018-10-11 11:50:28.966000,0.046875,0.9375,0.234375
2018-10-11 11:50:28.976000,0.046875,0.9375,0.25
2018-10-11 11:50:28.987000,0.0625,0.953125,0.25
2018-10-11 11:50:28.997000,0.0625,0.9375,0.25
2018-10-11 11:50:29.007000,0.0625,0.9375,0.25
2018-10-11 11:50:29.018000,0.0625,0.9375,0.25
2018-10-11 11:50:29.028000,0.046875,0.9375,0.25
2018-10-11 11:50:29.039000,0.046875,0.9375,0.25
2018-10-11 11:50:29.049000,0.0625,0.9375,0.25
2018-10-11 11:50:29.059000,0.046875,0.953125,0.25
2018-10-11 11:50:29.070000,0.046875,0.9375,0.25
2018-10-11 11:50:29.080000,0.046875,0.9375,0.25
2018-10-11 11:50:29.091000,0.046875,0.9375,0.25
2018-10-11 11:50:29.101000,0.046875,0.9375,0.25
2018-10-11 11:50:29.112000,0.046875,0.9375,0.25
2018-10-11 11:50:29.122000,0.0625,0.9375,0.234375
2018-10-11 11:50:29.132000,0.0625,0.9375,0.25
2018-10-11 11:50:29.143000,0.0625,0.9375,0.25
2018-10-11 11:50:29.153000,0.046875,0.9375,0.25
2018-10-11 11:50:29.164000,0.0625,0.9375,0.234375
2018-10-11 11:50:29.174000,0.0625,0.9375,0.25
2018-10-11 11:50:29.184000,0.0625,0.9375,0.25
2018-10-11 11:50:29.195000,0.0625,0.9375,0.25
2018-10-11 11:50:29.205000,0.0625,0.9375,0.25
2018-10-11 11:50:29.216000,0.046875,0.9375,0.25
2018-10-11 11:50:29.226000,0.046875,0.9375,0.25
2018-10-11 11:50:29.237000,0.046875,0.9375,0.25
2018-10-11 11:50:29.247000,0.046875,0.9375,0.25
2018-10-11 11:50:29.257000,0.0625,0.9375,0.25
2018-10-11 11:50:29.268000,0.0625,0.953125,0.234375
2018-10-11 11:50:29.278000,0.0625,0.9375,0.234375
2018-10-11 11:50:29.289000,0.0625,0.953125,0.234375
2018-10-11 11:50:29.299000,0.0625,0.9375,0.234375
2018-10-11 11:50:29.309000,0.0625,0.9375,0.234375
2018-10-11 11:50:29.320000,0.0625,0.9375,0.234375
2018-10-11 11:50:29.330000,0.0625,0.9375,0.234375
2018-10-11 11:50:29.341000,0.0625,0.953125,0.25
2018-10-11 11:50:29.351000,0.046875,0.9375,0.25
2018-10-11 11:50:29.362000,0.046875,0.9375,0.25
2018-10-11 11:50:29.372000,0.0625,0.9375,0.25
2018-10-11 11:50:29.382000,0.046875,0.9375,0.234375
2018-10-11 11:50:29.393000,0.0625,0.9375,0.25
2018-10-11 11:50:29.403000,0.0625,0.9375,0.234375
2018-10-11 11:50:29.414000,0.046875,0.9375,0.25
2018-10-11 11:50:29.424000,0.0625,0.9375,0.234375
2018-10-11 11:50:29.434000,0.0625,0.9375,0.25
2018-10-11 11:50:29.445000,0.0625,0.9375,0.25
2018-10-11 11:50:29.455000,0.0625,0.9375,0.25
2018-10-11 11:50:29.466000,0.0625,0.9375,0.25
2018-10-11 11:50:29.476000,0.0625,0.9375,0.234375
2018-10-11 11:50:29.487000,0.046875,0.9375,0.25
2018-10-11 11:50:29.497000,0.0625,0.9375,0.25
2018-10-11 11:50:29.507000,0.0625,0.9375,0.25
2018-10-11 11:50:29.518000,0.046875,0.9375,0.25
2018-10-11 11:50:29.528000,0.0625,0.9375,0.25
2018-10-11 11:50:29.539000,0.0625,0.9375,0.25
2018-10-11 11:50:29.549000,0.0625,0.9375,0.25
2018-10-11 11:50:29.559000,0.046875,0.9375,0.25
2018-10-11 11:50:29.570000,0.046875,0.9375,0.25
2018-10-11 11:50:29.580000,0.046875,0.9375,0.25
2018-10-11 11:50:29.591000,0.046875,0.9375,0.25
2018-10-11 11:50:29.601000,0.046875,0.9375,0.25
2018-10-11 11:50:29.612000,0.046875,0.9375,0.25
2018-10-11 11:50:29.622000,0.046875,0.9375,0.25
2018-10-11 11:50:29.632000,0.046875,0.9375,0.25
2018-10-11 11:50:29.643000,0.046875,0.9375,0.25
2018-10-11 11:50:29.653000,0.046875,0.9375,0.25
2018-10-11 11:50:29.664000,0.046875,0.9375,0.25
2018-10-11 11:50:29.674000,0.046875,0.9375,0.25
2018-10-11 11:50:29.684000,0.046875,0.9375,0.25
2018-10-11 11:50:29.695000,0.046875,0.9375,0.25
2018-10-11 11:50:29.705000,0.0625,0.9375,0.25
2018-10-11 11:50:29.716000,0.0625,0.9375,0.25
2018-10-11 11:50:29.726000,0.0625,0.9375,0.25
2018-10-11 11:50:29.737000,0.0625,0.9375,0.25
2018-10-11 11:50:29.747000,0.0625,0.9375,0.25
2018-10-11 11:50:29.757000,0.0625,0.9375,0.25
2018-10-11 11:50:29.768000,0.0625,0.9375,0.25
2018-10-11 11:50:29.778000,0.0625,0.9375,0.25
2018-10-11 11:50:29.789000,0.0625,0.953125,0.25
2018-10-11 11:50:29.799000,0.0625,0.9375,0.25
2018-10-11 11:50:29.809000,0.0625,0.9375,0.25
2018-10-11 11:50:29.820000,0.0625,0.9375,0.25
2018-10-11 11:50:29.830000,0.0625,0.9375,0.25
2018-10-11 11:50:29.841000,0.0625,0.9375,0.25
2018-10-11 11:50:29.851000,0.0625,0.953125,0.25
2018-10-11 11:50:29.862000,0.046875,0.9375,0.234375
2018-10-11 11:50:29.872000,0.046875,0.9375,0.25
2018-10-11 11:50:29.882000,0.0625,0.9375,0.25
2018-10-11 11:50:29.893000,0.046875,0.9375,0.25
2018-10-11 11:50:29.903000,0.03125,0.9375,0.25
2018-10-11 11:50:29.914000,0.03125,0.9375,0.25
2018-10-11 11:50:29.924000,0.03125,0.9375,0.25
2018-10-11 11:50:29.934000,0.03125,0.9375,0.265625
2018-10-11 11:50:29.945000,0.046875,0.9375,0.265625
2018-10-11 11:50:29.955000,0.03125,0.9375,0.265625
2018-10-11 11:50:29.966000,0.03125,0.921875,0.265625
2018-10-11 11:50:29.976000,0.03125,0.921875,0.265625
2018-10-11 11:50:29.987000,0.03125,0.9375,0.265625
2018-10-11 11:50:29.997000,0.03125,0.921875,0.265625
2018-10-11 11:50:30.007000,0.03125,0.921875,0.265625
2018-10-11 11:50:30.018000,0.03125,0.9375,0.265625
2018-10-11 11:50:30.028000,0.03125,0.921875,0.265625
2018-10-11 11:50:30.039000,0.03125,0.9375,0.265625
2018-10-11 11:50:30.049000,0.046875,0.9375,0.265625
2018-10-11 11:50:30.059000,0.03125,0.9375,0.265625
2018-10-11 11:50:30.070000,0.03125,0.9375,0.265625
2018-10-11 11:50:30.080000,0.03125,0.9375,0.265625
2018-10-11 11:50:30.090000,0.046875,0.9375,0.265625
2018-10-11 11:50:30.101000,0.03125,0.9375,0.265625
2018-10-11 11:50:30.111000,0.046875,0.9375,0.265625
2018-10-11 11:50:30.121000,0.046875,0.9375,0.25
2018-10-11 11:50:30.132000,0.046875,0.9375,0.265625
2018-10-11 11:50:30.142000,0.046875,0.9375,0.265625
2018-10-11 11:50:30.152000,0.046875,0.9375,0.265625
2018-10-11 11:50:30.163000,0.046875,0.9375,0.265625
2018-10-11 11:50:30.173000,0.046875,0.9375,0.265625
2018-10-11 11:50:30.184000,0.046875,0.9375,0.265625
2018-10-11 11:50:30.194000,0.046875,0.921875,0.265625
2018-10-11 11:50:30.204000,0.046875,0.9375,0.265625
2018-10-11 11:50:30.215000,0.046875,0.921875,0.265625
2018-10-11 11:50:30.225000,0.03125,0.9375,0.265625
2018-10-11 11:50:30.235000,0.046875,0.9375,0.265625
2018-10-11 11:50:30.246000,0.046875,0.921875,0.265625
2018-10-11 11:50:30.256000,0.03125,0.9375,0.265625
2018-10-11 11:50:30.266000,0.03125,0.9375,0.265625
2018-10-11 11:50:30.277000,0.03125,0.9375,0.265625
2018-10-11 11:50:30.287000,0.03125,0.921875,0.28125
2018-10-11 11:50:30.297000,0.03125,0.921875,0.265625
2018-10-11 11:50:30.308000,0.03125,0.9375,0.265625
2018-10-11 11:50:30.318000,0.03125,0.9375,0.265625
2018-10-11 11:50:30.328000,0.03125,0.9375,0.28125
2018-10-11 11:50:30.339000,0.03125,0.9375,0.265625
2018-10-11 11:50:30.349000,0.03125,0.9375,0.265625
2018-10-11 11:50:30.359000,0.03125,0.921875,0.28125
2018-10-11 11:50:30.370000,0.015625,0.9375,0.28125
2018-10-11 11:50:30.380000,0.03125,0.921875,0.28125
2018-10-11 11:50:30.390000,0.015625,0.921875,0.28125
2018-10-11 11:50:30.401000,0.015625,0.921875,0.28125
2018-10-11 11:50:30.411000,0.03125,0.921875,0.28125
2018-10-11 11:50:30.421000,0.015625,0.921875,0.28125
2018-10-11 11:50:30.431000,0.015625,0.921875,0.28125
2018-10-11 11:50:30.442000,0.015625,0.921875,0.28125
2018-10-11 11:50:30.452000,0.015625,0.921875,0.28125
2018-10-11 11:50:30.462000,0.015625,0.921875,0.265625
2018-10-11 11:50:30.473000,0.015625,0.921875,0.28125
2018-10-11 11:50:30.483000,0.03125,0.921875,0.265625
2018-10-11 11:50:30.493000,0.03125,0.921875,0.28125
2018-10-11 11:50:30.504000,0.03125,0.921875,0.265625
2018-10-11 11:50:30.514000,0.03125,0.9375,0.265625
2018-10-11 11:50:30.524000,0.03125,0.9375,0.265625
2018-10-11 11:50:30.535000,0.03125,0.9375,0.28125
2018-10-11 11:50:30.545000,0.03125,0.921875,0.265625
2018-10-11 11:50:30.555000,0.03125,0.9375,0.265625
2018-10-11 11:50:30.566000,0.03125,0.9375,0.265625
2018-10-11 11:50:30.576000,0.03125,0.9375,0.265625
2018-10-11 11:50:30.586000,0.03125,0.9375,0.265625
2018-10-11 11:50:30.597000,0.03125,0.9375,0.265625
2018-10-11 11:50:30.607000,0.03125,0.9375,0.265625
2018-10-11 11:50:30.618000,0.03125,0.9375,0.265625
2018-10-11 11:50:30.628000,0.03125,0.9375,0.265625
2018-10-11 11:50:30.638000,0.03125,0.9375,0.265625
2018-10-11 11:50:30.649000,0.03125,0.9375,0.28125
2018-10-11 11:50:30.659000,0.015625,0.9375,0.265625
2018-10-11 11:50:30.669000,0.015625,0.921875,0.265625
2018-10-11 11:50:30.680000,0.015625,0.921875,0.265625
2018-10-11 11:50:30.690000,0.015625,0.921875,0.265625
2018-10-11 11:50:30.700000,0.03125,0.921875,0.265625
2018-10-11 11:50:30.711000,0.03125,0.921875,0.28125
2018-10-11 11:50:30.721000,0.03125,0.921875,0.265625
2018-10-11 11:50:30.731000,0.03125,0.9375,0.265625
2018-10-11 11:50:30.742000,0.03125,0.921875,0.28125
2018-10-11 11:50:30.752000,0.03125,0.921875,0.28125
2018-10-11 11:50:30.762000,0.03125,0.921875,0.28125
2018-10-11 11:50:30.773000,0.015625,0.921875,0.28125
2018-10-11 11:50:30.783000,0.015625,0.921875,0.265625
2018-10-11 11:50:30.793000,0.015625,0.921875,0.265625
2018-10-11 11:50:30.804000,0.03125,0.921875,0.28125
2018-10-11 11:50:30.814000,0.03125,0.921875,0.28125
2018-10-11 11:50:30.824000,0.015625,0.9375,0.265625
2018-10-11 11:50:30.834000,0.03125,0.9375,0.28125
2018-10-11 11:50:30.845000,0.03125,0.9375,0.265625
2018-10-11 11:50:30.855000,0.03125,0.9375,0.265625
2018-10-11 11:50:30.865000,0.03125,0.9375,0.265625
2018-10-11 11:50:30.876000,0.03125,0.9375,0.265625
2018-10-11 11:50:30.886000,0.03125,0.921875,0.265625
2018-10-11 11:50:30.896000,0.03125,0.9375,0.265625
2018-10-11 11:50:30.907000,0.046875,0.9375,0.265625
2018-10-11 11:50:30.917000,0.03125,0.9375,0.28125
2018-10-11 11:50:30.927000,0.03125,0.921875,0.28125
2018-10-11 11:50:30.938000,0.03125,0.9375,0.28125
2018-10-11 11:50:30.948000,0.03125,0.9375,0.265625
2018-10-11 11:50:30.958000,0.046875,0.921875,0.265625
2018-10-11 11:50:30.969000,0.03125,0.9375,0.265625
2018-10-11 11:50:30.979000,0.046875,0.9375,0.265625
2018-10-11 11:50:30.989000,0.03125,0.9375,0.265625
2018-10-11 11:50:31,0.046875,0.9375,0.25
2018-10-11 11:50:31.010000,0.046875,0.921875,0.265625
2018-10-11 11:50:31.020000,0.046875,0.921875,0.265625
2018-10-11 11:50:31.031000,0.046875,0.9375,0.265625
2018-10-11 11:50:31.041000,0.03125,0.9375,0.265625
2018-10-11 11:50:31.052000,0.03125,0.9375,0.265625
2018-10-11 11:50:31.062000,0.046875,0.921875,0.265625
2018-10-11 11:50:31.072000,0.046875,0.9375,0.265625
2018-10-11 11:50:31.083000,0.046875,0.9375,0.265625
2018-10-11 11:50:31.093000,0.046875,0.9375,0.265625
2018-10-11 11:50:31.103000,0.046875,0.9375,0.265625
2018-10-11 11:50:31.114000,0.046875,0.9375,0.265625
2018-10-11 11:50:31.124000,0.046875,0.9375,0.25
2018-10-11 11:50:31.134000,0.046875,0.9375,0.265625
2018-10-11 11:50:31.145000,0.046875,0.9375,0.265625
2018-10-11 11:50:31.155000,0.046875,0.9375,0.265625
2018-10-11 11:50:31.165000,0.046875,0.9375,0.25
2018-10-11 11:50:31.176000,0.046875,0.9375,0.25
2018-10-11 11:50:31.186000,0.046875,0.9375,0.25
2018-10-11 11:50:31.196000,0.046875,0.9375,0.25
2018-10-11 11:50:31.207000,0.046875,0.9375,0.25
2018-10-11 11:50:31.217000,0.046875,0.9375,0.265625
2018-10-11 11:50:31.227000,0.046875,0.921875,0.265625
2018-10-11 11:50:31.237000,0.046875,0.9375,0.265625
2018-10-11 11:50:31.248000,0.046875,0.9375,0.265625
2018-10-11 11:50:31.258000,0.046875,0.9375,0.265625
2018-10-11 11:50:31.269000,0.046875,0.9375,0.265625
2018-10-11 11:50:31.279000,0.0625,0.9375,0.25
2018-10-11 11:50:31.289000,0.046875,0.9375,0.25
2018-10-11 11:50:31.299000,0.046875,0.9375,0.25
2018-10-11 11:50:31.310000,0.046875,0.9375,0.25
2018-10-11 11:50:31.320000,0.03125,0.9375,0.25
2018-10-11 11:50:31.330000,0.03125,0.9375,0.265625
2018-10-11 11:50:31.341000,0.03125,0.9375,0.25
2018-10-11 11:50:31.351000,0.046875,0.9375,0.265625
2018-10-11 11:50:31.361000,0.046875,0.9375,0.265625
2018-10-11 11:50:31.372000,0.03125,0.9375,0.265625
2018-10-11 11:50:31.382000,0.03125,0.9375,0.265625
2018-10-11 11:50:31.392000,0.03125,0.9375,0.265625
2018-10-11 11:50:31.403000,0.046875,0.9375,0.265625
2018-10-11 11:50:31.413000,0.046875,0.921875,0.25
2018-10-11 11:50:31.423000,0.046875,0.921875,0.25
2018-10-11 11:50:31.434000,0.046875,0.9375,0.265625
2018-10-11 11:50:31.444000,0.046875,0.9375,0.265625
2018-10-11 11:50:31.454000,0.046875,0.9375,0.25
2018-10-11 11:50:31.465000,0.046875,0.9375,0.265625
2018-10-11 11:50:31.475000,0.03125,0.9375,0.265625
2018-10-11 11:50:31.486000,0.046875,0.9375,0.265625
2018-10-11 11:50:31.496000,0.046875,0.9375,0.265625
2018-10-11 11:50:31.506000,0.03125,0.9375,0.265625
2018-10-11 11:50:31.517000,0.03125,0.9375,0.265625
2018-10-11 11:50:31.527000,0.03125,0.9375,0.265625
2018-10-11 11:50:31.537000,0.03125,0.9375,0.265625
2018-10-11 11:50:31.548000,0.03125,0.9375,0.25
2018-10-11 11:50:31.558000,0.03125,0.9375,0.265625
2018-10-11 11:50:31.568000,0.03125,0.921875,0.265625
2018-10-11 11:50:31.579000,0.03125,0.9375,0.25
2018-10-11 11:50:31.589000,0.03125,0.9375,0.265625
2018-10-11 11:50:31.599000,0.03125,0.9375,0.265625
2018-10-11 11:50:31.610000,0.046875,0.9375,0.265625
2018-10-11 11:50:31.620000,0.046875,0.9375,0.265625
2018-10-11 11:50:31.630000,0.046875,0.9375,0.25
2018-10-11 11:50:31.641000,0.03125,0.9375,0.25
2018-10-11 11:50:31.651000,0.03125,0.9375,0.25
2018-10-11 11:50:31.661000,0.046875,0.9375,0.25
2018-10-11 11:50:31.672000,0.046875,0.9375,0.265625
2018-10-11 11:50:31.682000,0.046875,0.9375,0.265625
2018-10-11 11:50:31.692000,0.046875,0.9375,0.265625
2018-10-11 11:50:31.702000,0.046875,0.921875,0.265625
2018-10-11 11:50:31.713000,0.046875,0.9375,0.265625
2018-10-11 11:50:31.723000,0.046875,0.9375,0.25
2018-10-11 11:50:31.733000,0.0625,0.9375,0.25
2018-10-11 11:50:31.744000,0.046875,0.9375,0.25
2018-10-11 11:50:31.754000,0.0625,0.9375,0.25
2018-10-11 11:50:31.764000,0.046875,0.9375,0.25
2018-10-11 11:50:31.775000,0.0625,0.9375,0.25
2018-10-11 11:50:31.785000,0.0625,0.9375,0.25
2018-10-11 11:50:31.795000,0.0625,0.9375,0.25
2018-10-11 11:50:31.806000,0.0625,0.9375,0.25
2018-10-11 11:50:31.816000,0.0625,0.9375,0.25
2018-10-11 11:50:31.826000,0.0625,0.9375,0.25
2018-10-11 11:50:31.837000,0.0625,0.9375,0.25
2018-10-11 11:50:31.847000,0.0625,0.9375,0.25
2018-10-11 11:50:31.857000,0.046875,0.9375,0.265625
2018-10-11 11:50:31.868000,0.046875,0.9375,0.25
2018-10-11 11:50:31.878000,0.0625,0.9375,0.25
2018-10-11 11:50:31.888000,0.0625,0.9375,0.25
2018-10-11 11:50:31.899000,0.0625,0.9375,0.25
2018-10-11 11:50:31.909000,0.0625,0.9375,0.25
2018-10-11 11:50:31.920000,0.0625,0.9375,0.25
2018-10-11 11:50:31.930000,0.078125,0.9375,0.25
2018-10-11 11:50:31.940000,0.0625,0.9375,0.25
2018-10-11 11:50:31.951000,0.0625,0.9375,0.25
2018-10-11 11:50:31.961000,0.046875,0.9375,0.25
2018-10-11 11:50:31.971000,0.0625,0.9375,0.25
2018-10-11 11:50:31.982000,0.0625,0.9375,0.25
2018-10-11 11:50:31.992000,0.0625,0.9375,0.25
2018-10-11 11:50:32.002000,0.046875,0.9375,0.25
2018-10-11 11:50:32.013000,0.0625,0.9375,0.25
2018-10-11 11:50:32.023000,0.0625,0.9375,0.25
2018-10-11 11:50:32.033000,0.0625,0.9375,0.25
2018-10-11 11:50:32.043000,0.0625,0.9375,0.25
2018-10-11 11:50:32.054000,0.0625,0.9375,0.25
2018-10-11 11:50:32.064000,0.0625,0.9375,0.25
2018-10-11 11:50:32.075000,0.0625,0.9375,0.25
2018-10-11 11:50:32.085000,0.0625,0.9375,0.25
2018-10-11 11:50:32.095000,0.0625,0.9375,0.25
2018-10-11 11:50:32.105000,0.0625,0.9375,0.25
2018-10-11 11:50:32.116000,0.0625,0.9375,0.25
2018-10-11 11:50:32.126000,0.0625,0.9375,0.25
2018-10-11 11:50:32.137000,0.0625,0.9375,0.25
2018-10-11 11:50:32.147000,0.0625,0.9375,0.25
2018-10-11 11:50:32.157000,0.0625,0.9375,0.25
2018-10-11 11:50:32.167000,0.0625,0.9375,0.25
2018-10-11 11:50:32.178000,0.0625,0.9375,0.25
2018-10-11 11:50:32.188000,0.0625,0.9375,0.234375
2018-10-11 11:50:32.199000,0.0625,0.953125,0.234375
2018-10-11 11:50:32.209000,0.078125,0.9375,0.234375
2018-10-11 11:50:32.219000,0.078125,0.9375,0.234375
2018-10-11 11:50:32.229000,0.0625,0.953125,0.234375
2018-10-11 11:50:32.240000,0.046875,0.953125,0.234375
2018-10-11 11:50:32.250000,0.046875,0.953125,0.234375
2018-10-11 11:50:32.261000,0.0625,0.9375,0.234375
2018-10-11 11:50:32.271000,0.0625,0.9375,0.234375
2018-10-11 11:50:32.281000,0.0625,0.9375,0.234375
2018-10-11 11:50:32.291000,0.0625,0.9375,0.234375
2018-10-11 11:50:32.302000,0.0625,0.9375,0.234375
2018-10-11 11:50:32.312000,0.0625,0.9375,0.234375
2018-10-11 11:50:32.322000,0.0625,0.9375,0.234375
2018-10-11 11:50:32.333000,0.0625,0.953125,0.25
2018-10-11 11:50:32.343000,0.0625,0.9375,0.234375
2018-10-11 11:50:32.354000,0.046875,0.9375,0.25
2018-10-11 11:50:32.364000,0.046875,0.953125,0.25
2018-10-11 11:50:32.374000,0.0625,0.9375,0.25
2018-10-11 11:50:32.384000,0.0625,0.9375,0.25
2018-10-11 11:50:32.395000,0.046875,0.9375,0.234375
2018-10-11 11:50:32.405000,0.0625,0.9375,0.25
2018-10-11 11:50:32.416000,0.046875,0.9375,0.234375
2018-10-11 11:50:32.426000,0.0625,0.9375,0.25
2018-10-11 11:50:32.436000,0.0625,0.9375,0.25
2018-10-11 11:50:32.446000,0.0625,0.9375,0.25
2018-10-11 11:50:32.457000,0.0625,0.9375,0.234375
2018-10-11 11:50:32.467000,0.046875,0.953125,0.25
2018-10-11 11:50:32.478000,0.046875,0.9375,0.234375
2018-10-11 11:50:32.488000,0.046875,0.9375,0.25
2018-10-11 11:50:32.498000,0.046875,0.953125,0.25
2018-10-11 11:50:32.508000,0.046875,0.9375,0.234375
2018-10-11 11:50:32.519000,0.0625,0.9375,0.25
2018-10-11 11:50:32.529000,0.046875,0.9375,0.234375
2018-10-11 11:50:32.540000,0.0625,0.9375,0.234375
2018-10-11 11:50:32.550000,0.0625,0.9375,0.234375
2018-10-11 11:50:32.560000,0.0625,0.9375,0.234375
2018-10-11 11:50:32.571000,0.0625,0.9375,0.234375
2018-10-11 11:50:32.581000,0.0625,0.9375,0.25
2018-10-11 11:50:32.592000,0.0625,0.953125,0.234375
2018-10-11 11:50:32.602000,0.0625,0.9375,0.234375
2018-10-11 11:50:32.612000,0.0625,0.9375,0.25
2018-10-11 11:50:32.623000,0.0625,0.953125,0.234375
2018-10-11 11:50:32.633000,0.0625,0.953125,0.234375
2018-10-11 11:50:32.644000,0.0625,0.9375,0.234375
2018-10-11 11:50:32.654000,0.0625,0.953125,0.234375
2018-10-11 11:50:32.665000,0.0625,0.9375,0.234375
2018-10-11 11:50:32.675000,0.0625,0.953125,0.234375
2018-10-11 11:50:32.685000,0.0625,0.953125,0.234375
2018-10-11 11:50:32.696000,0.0625,0.9375,0.234375
2018-10-11 11:50:32.706000,0.0625,0.9375,0.234375
2018-10-11 11:50:32.717000,0.0625,0.953125,0.234375
2018-10-11 11:50:32.727000,0.0625,0.9375,0.234375
2018-10-11 11:50:32.737000,0.0625,0.9375,0.234375
2018-10-11 11:50:32.748000,0.0625,0.953125,0.234375
2018-10-11 11:50:32.758000,0.0625,0.9375,0.234375
2018-10-11 11:50:32.769000,0.0625,0.9375,0.234375
2018-10-11 11:50:32.779000,0.0625,0.953125,0.234375
2018-10-11 11:50:32.790000,0.0625,0.953125,0.234375
2018-10-11 11:50:32.800000,0.0625,0.9375,0.234375
2018-10-11 11:50:32.810000,0.0625,0.9375,0.234375
2018-10-11 11:50:32.821000,0.0625,0.9375,0.234375
2018-10-11 11:50:32.831000,0.0625,0.953125,0.234375
2018-10-11 11:50:32.842000,0.0625,0.9375,0.234375
2018-10-11 11:50:32.852000,0.0625,0.9375,0.25
2018-10-11 11:50:32.862000,0.0625,0.9375,0.25
2018-10-11 11:50:32.873000,0.0625,0.9375,0.234375
2018-10-11 11:50:32.883000,0.0625,0.9375,0.234375
2018-10-11 11:50:32.894000,0.046875,0.9375,0.25
2018-10-11 11:50:32.904000,0.046875,0.9375,0.25
2018-10-11 11:50:32.915000,0.046875,0.9375,0.25
2018-10-11 11:50:32.925000,0.0625,0.9375,0.234375
2018-10-11 11:50:32.935000,0.0625,0.9375,0.25
2018-10-11 11:50:32.946000,0.046875,0.9375,0.25
2018-10-11 11:50:32.956000,0.046875,0.9375,0.25
2018-10-11 11:50:32.967000,0.0625,0.9375,0.25
2018-10-11 11:50:32.977000,0.0625,0.9375,0.25
2018-10-11 11:50:32.987000,0.0625,0.9375,0.25
2018-10-11 11:50:32.998000,0.0625,0.9375,0.25
2018-10-11 11:50:33.008000,0.0625,0.9375,0.234375
2018-10-11 11:50:33.019000,0.0625,0.9375,0.234375
2018-10-11 11:50:33.029000,0.0625,0.9375,0.234375
2018-10-11 11:50:33.040000,0.0625,0.9375,0.234375
2018-10-11 11:50:33.050000,0.0625,0.9375,0.234375
2018-10-11 11:50:33.060000,0.078125,0.953125,0.234375
2018-10-11 11:50:33.071000,0.078125,0.9375,0.234375
2018-10-11 11:50:33.081000,0.078125,0.953125,0.234375
2018-10-11 11:50:33.092000,0.078125,0.9375,0.234375
2018-10-11 11:50:33.102000,0.078125,0.953125,0.234375
2018-10-11 11:50:33.112000,0.078125,0.953125,0.234375
2018-10-11 11:50:33.123000,0.078125,0.9375,0.234375
2018-10-11 11:50:33.133000,0.078125,0.9375,0.234375
2018-10-11 11:50:33.144000,0.078125,0.9375,0.234375
2018-10-11 11:50:33.154000,0.0625,0.9375,0.234375
2018-10-11 11:50:33.165000,0.0625,0.9375,0.234375
2018-10-11 11:50:33.175000,0.078125,0.9375,0.234375
2018-10-11 11:50:33.185000,0.078125,0.9375,0.234375
2018-10-11 11:50:33.196000,0.078125,0.9375,0.234375
2018-10-11 11:50:33.206000,0.0625,0.9375,0.234375
2018-10-11 11:50:33.217000,0.0625,0.9375,0.234375
2018-10-11 11:50:33.227000,0.0625,0.9375,0.25
2018-10-11 11:50:33.237000,0.0625,0.953125,0.25
2018-10-11 11:50:33.248000,0.046875,0.9375,0.25
2018-10-11 11:50:33.258000,0.046875,0.921875,0.25
2018-10-11 11:50:33.269000,0.046875,0.9375,0.25
2018-10-11 11:50:33.279000,0.046875,0.9375,0.25
2018-10-11 11:50:33.290000,0.046875,0.9375,0.25
2018-10-11 11:50:33.300000,0.046875,0.921875,0.265625
2018-10-11 11:50:33.310000,0.0625,0.921875,0.25
2018-10-11 11:50:33.321000,0.0625,0.9375,0.25
2018-10-11 11:50:33.331000,0.046875,0.9375,0.25
2018-10-11 11:50:33.342000,0.046875,0.9375,0.25
2018-10-11 11:50:33.352000,0.046875,0.9375,0.25
2018-10-11 11:50:33.362000,0.0625,0.921875,0.25
2018-10-11 11:50:33.373000,0.0625,0.9375,0.25
2018-10-11 11:50:33.383000,0.0625,0.9375,0.25
2018-10-11 11:50:33.394000,0.0625,0.9375,0.25
2018-10-11 11:50:33.404000,0.078125,0.9375,0.25
2018-10-11 11:50:33.415000,0.078125,0.9375,0.25
2018-10-11 11:50:33.425000,0.0625,0.9375,0.25
2018-10-11 11:50:33.435000,0.0625,0.9375,0.25
2018-10-11 11:50:33.446000,0.078125,0.9375,0.25
2018-10-11 11:50:33.456000,0.0625,0.9375,0.25
2018-10-11 11:50:33.467000,0.0625,0.9375,0.25
2018-10-11 11:50:33.477000,0.0625,0.9375,0.25
2018-10-11 11:50:33.487000,0.0625,0.9375,0.25
2018-10-11 11:50:33.498000,0.0625,0.9375,0.25
2018-10-11 11:50:33.508000,0.0625,0.9375,0.25
2018-10-11 11:50:33.519000,0.0625,0.9375,0.25
2018-10-11 11:50:33.529000,0.046875,0.9375,0.265625
2018-10-11 11:50:33.540000,0.046875,0.9375,0.265625
2018-10-11 11:50:33.550000,0.046875,0.921875,0.265625
2018-10-11 11:50:33.560000,0.046875,0.921875,0.265625
2018-10-11 11:50:33.571000,0.046875,0.921875,0.265625
2018-10-11 11:50:33.581000,0.046875,0.9375,0.265625
2018-10-11 11:50:33.592000,0.046875,0.921875,0.28125
2018-10-11 11:50:33.602000,0.046875,0.921875,0.28125
2018-10-11 11:50:33.612000,0.046875,0.921875,0.28125
2018-10-11 11:50:33.623000,0.046875,0.921875,0.28125
2018-10-11 11:50:33.633000,0.046875,0.921875,0.265625
2018-10-11 11:50:33.644000,0.046875,0.921875,0.265625
2018-10-11 11:50:33.654000,0.046875,0.921875,0.265625
2018-10-11 11:50:33.665000,0.046875,0.921875,0.265625
2018-10-11 11:50:33.675000,0.046875,0.921875,0.265625
2018-10-11 11:50:33.685000,0.046875,0.921875,0.265625
2018-10-11 11:50:33.696000,0.046875,0.9375,0.265625
2018-10-11 11:50:33.706000,0.046875,0.9375,0.265625
2018-10-11 11:50:33.717000,0.046875,0.9375,0.265625
2018-10-11 11:50:33.727000,0.0625,0.9375,0.265625
2018-10-11 11:50:33.737000,0.0625,0.921875,0.265625
2018-10-11 11:50:33.748000,0.0625,0.9375,0.265625
2018-10-11 11:50:33.758000,0.0625,0.9375,0.265625
2018-10-11 11:50:33.769000,0.0625,0.9375,0.265625
2018-10-11 11:50:33.779000,0.0625,0.9375,0.265625
2018-10-11 11:50:33.790000,0.0625,0.9375,0.265625
2018-10-11 11:50:33.800000,0.0625,0.921875,0.265625
2018-10-11 11:50:33.810000,0.0625,0.9375,0.265625
2018-10-11 11:50:33.820000,0.0625,0.9375,0.265625
2018-10-11 11:50:33.831000,0.0625,0.9375,0.265625
2018-10-11 11:50:33.841000,0.0625,0.9375,0.265625
2018-10-11 11:50:33.851000,0.0625,0.9375,0.265625
2018-10-11 11:50:33.861000,0.0625,0.9375,0.265625
2018-10-11 11:50:33.872000,0.046875,0.9375,0.265625
2018-10-11 11:50:33.882000,0.0625,0.9375,0.265625
2018-10-11 11:50:33.892000,0.046875,0.9375,0.265625
2018-10-11 11:50:33.902000,0.046875,0.921875,0.265625
2018-10-11 11:50:33.913000,0.046875,0.9375,0.265625
2018-10-11 11:50:33.923000,0.046875,0.921875,0.265625
2018-10-11 11:50:33.933000,0.046875,0.9375,0.265625
2018-10-11 11:50:33.943000,0.046875,0.921875,0.265625
2018-10-11 11:50:33.953000,0.046875,0.9375,0.265625
2018-10-11 11:50:33.964000,0.046875,0.9375,0.265625
2018-10-11 11:50:33.974000,0.046875,0.9375,0.265625
2018-10-11 11:50:33.984000,0.046875,0.9375,0.28125
2018-10-11 11:50:33.994000,0.03125,0.921875,0.28125
2018-10-11 11:50:34.005000,0.046875,0.9375,0.28125
2018-10-11 11:50:34.015000,0.03125,0.921875,0.28125
2018-10-11 11:50:34.025000,0.03125,0.9375,0.28125
2018-10-11 11:50:34.035000,0.03125,0.921875,0.28125
2018-10-11 11:50:34.046000,0.046875,0.921875,0.265625
2018-10-11 11:50:34.056000,0.046875,0.921875,0.265625
2018-10-11 11:50:34.066000,0.046875,0.921875,0.28125
2018-10-11 11:50:34.076000,0.046875,0.921875,0.28125
2018-10-11 11:50:34.087000,0.03125,0.9375,0.28125
2018-10-11 11:50:34.097000,0.03125,0.921875,0.28125
2018-10-11 11:50:34.107000,0.046875,0.921875,0.28125
2018-10-11 11:50:34.118000,0.046875,0.921875,0.28125
2018-10-11 11:50:34.128000,0.046875,0.921875,0.28125
2018-10-11 11:50:34.138000,0.046875,0.921875,0.28125
2018-10-11 11:50:34.148000,0.046875,0.921875,0.28125
2018-10-11 11:50:34.159000,0.046875,0.921875,0.28125
2018-10-11 11:50:34.169000,0.03125,0.921875,0.28125
2018-10-11 11:50:34.179000,0.046875,0.921875,0.28125
2018-10-11 11:50:34.189000,0.046875,0.921875,0.28125
2018-10-11 11:50:34.200000,0.03125,0.921875,0.28125
2018-10-11 11:50:34.210000,0.03125,0.921875,0.28125
2018-10-11 11:50:34.220000,0.046875,0.921875,0.265625
2018-10-11 11:50:34.230000,0.046875,0.9375,0.265625
2018-10-11 11:50:34.241000,0.046875,0.921875,0.28125
2018-10-11 11:50:34.251000,0.046875,0.9375,0.265625
2018-10-11 11:50:34.261000,0.046875,0.9375,0.265625
2018-10-11 11:50:34.271000,0.046875,0.921875,0.28125
2018-10-11 11:50:34.282000,0.046875,0.921875,0.265625
2018-10-11 11:50:34.292000,0.046875,0.921875,0.28125
2018-10-11 11:50:34.302000,0.046875,0.921875,0.28125
2018-10-11 11:50:34.312000,0.046875,0.921875,0.265625
2018-10-11 11:50:34.323000,0.046875,0.921875,0.28125
2018-10-11 11:50:34.333000,0.046875,0.921875,0.28125
2018-10-11 11:50:34.343000,0.046875,0.9375,0.265625
2018-10-11 11:50:34.353000,0.03125,0.921875,0.28125
2018-10-11 11:50:34.363000,0.046875,0.921875,0.28125
2018-10-11 11:50:34.374000,0.046875,0.921875,0.28125
2018-10-11 11:50:34.384000,0.046875,0.921875,0.265625
2018-10-11 11:50:34.394000,0.046875,0.921875,0.28125
2018-10-11 11:50:34.404000,0.03125,0.9375,0.265625
2018-10-11 11:50:34.415000,0.046875,0.921875,0.28125
2018-10-11 11:50:34.425000,0.046875,0.9375,0.265625
2018-10-11 11:50:34.435000,0.046875,0.921875,0.265625
2018-10-11 11:50:34.445000,0.046875,0.921875,0.265625
2018-10-11 11:50:34.456000,0.046875,0.921875,0.265625
2018-10-11 11:50:34.466000,0.046875,0.9375,0.265625
2018-10-11 11:50:34.476000,0.046875,0.921875,0.265625
2018-10-11 11:50:34.486000,0.03125,0.9375,0.265625
2018-10-11 11:50:34.497000,0.046875,0.9375,0.265625
2018-10-11 11:50:34.507000,0.046875,0.9375,0.265625
2018-10-11 11:50:34.517000,0.046875,0.921875,0.265625
2018-10-11 11:50:34.527000,0.03125,0.921875,0.28125
2018-10-11 11:50:34.538000,0.03125,0.9375,0.28125
2018-10-11 11:50:34.548000,0.03125,0.921875,0.28125
2018-10-11 11:50:34.558000,0.03125,0.921875,0.265625
2018-10-11 11:50:34.569000,0.046875,0.9375,0.28125
2018-10-11 11:50:34.579000,0.03125,0.921875,0.265625
2018-10-11 11:50:34.589000,0.03125,0.921875,0.265625
2018-10-11 11:50:34.599000,0.03125,0.921875,0.28125
2018-10-11 11:50:34.610000,0.03125,0.921875,0.28125
2018-10-11 11:50:34.620000,0.03125,0.921875,0.265625
2018-10-11 11:50:34.630000,0.015625,0.921875,0.265625
2018-10-11 11:50:34.640000,0.03125,0.921875,0.28125
2018-10-11 11:50:34.651000,0.03125,0.921875,0.28125
2018-10-11 11:50:34.661000,0.046875,0.9375,0.28125
2018-10-11 11:50:34.671000,0.03125,0.921875,0.265625
2018-10-11 11:50:34.681000,0.015625,0.921875,0.28125
2018-10-11 11:50:34.692000,0.03125,0.9375,0.28125
2018-10-11 11:50:34.702000,0.03125,0.9375,0.28125
2018-10-11 11:50:34.712000,0.046875,0.921875,0.265625
2018-10-11 11:50:34.722000,0.046875,0.9375,0.28125
2018-10-11 11:50:34.733000,0.046875,0.921875,0.265625
2018-10-11 11:50:34.743000,0.0625,0.9375,0.265625
2018-10-11 11:50:34.753000,0.0625,0.921875,0.265625
2018-10-11 11:50:34.763000,0.046875,0.9375,0.265625
2018-10-11 11:50:34.774000,0.0625,0.9375,0.265625
2018-10-11 11:50:34.784000,0.046875,0.9375,0.265625
2018-10-11 11:50:34.794000,0.0625,0.9375,0.265625
2018-10-11 11:50:34.804000,0.0625,0.9375,0.25
2018-10-11 11:50:34.814000,0.046875,0.9375,0.265625
2018-10-11 11:50:34.825000,0.0625,0.9375,0.25
2018-10-11 11:50:34.835000,0.046875,0.9375,0.25
2018-10-11 11:50:34.845000,0.046875,0.9375,0.25
2018-10-11 11:50:34.855000,0.0625,0.9375,0.25
2018-10-11 11:50:34.866000,0.0625,0.9375,0.265625
2018-10-11 11:50:34.876000,0.046875,0.9375,0.25
2018-10-11 11:50:34.886000,0.0625,0.9375,0.25
2018-10-11 11:50:34.896000,0.046875,0.9375,0.25
2018-10-11 11:50:34.907000,0.046875,0.9375,0.265625
2018-10-11 11:50:34.917000,0.0625,0.9375,0.25
2018-10-11 11:50:34.927000,0.046875,0.9375,0.25
2018-10-11 11:50:34.937000,0.0625,0.9375,0.265625
2018-10-11 11:50:34.948000,0.046875,0.9375,0.265625
2018-10-11 11:50:34.958000,0.046875,0.9375,0.265625
2018-10-11 11:50:34.968000,0.046875,0.9375,0.25
2018-10-11 11:50:34.979000,0.0625,0.9375,0.25
2018-10-11 11:50:34.989000,0.0625,0.9375,0.265625
2018-10-11 11:50:34.999000,0.0625,0.9375,0.25
2018-10-11 11:50:35.009000,0.0625,0.9375,0.25
2018-10-11 11:50:35.020000,0.0625,0.9375,0.25
2018-10-11 11:50:35.030000,0.0625,0.9375,0.25
2018-10-11 11:50:35.040000,0.0625,0.9375,0.25
2018-10-11 11:50:35.051000,0.0625,0.9375,0.25
2018-10-11 11:50:35.061000,0.0625,0.9375,0.265625
2018-10-11 11:50:35.072000,0.078125,0.921875,0.25
2018-10-11 11:50:35.082000,0.078125,0.9375,0.25
2018-10-11 11:50:35.092000,0.078125,0.9375,0.25
2018-10-11 11:50:35.103000,0.0625,0.9375,0.25
2018-10-11 11:50:35.113000,0.0625,0.9375,0.25
2018-10-11 11:50:35.124000,0.0625,0.9375,0.25
2018-10-11 11:50:35.134000,0.0625,0.9375,0.25
2018-10-11 11:50:35.145000,0.0625,0.9375,0.25
2018-10-11 11:50:35.155000,0.0625,0.9375,0.25
2018-10-11 11:50:35.165000,0.0625,0.9375,0.25
2018-10-11 11:50:35.176000,0.0625,0.9375,0.25
2018-10-11 11:50:35.186000,0.0625,0.9375,0.25
2018-10-11 11:50:35.197000,0.0625,0.9375,0.25
2018-10-11 11:50:35.207000,0.0625,0.9375,0.25
2018-10-11 11:50:35.217000,0.0625,0.9375,0.25
2018-10-11 11:50:35.228000,0.0625,0.9375,0.25
2018-10-11 11:50:35.238000,0.0625,0.9375,0.25
2018-10-11 11:50:35.249000,0.0625,0.9375,0.25
2018-10-11 11:50:35.259000,0.0625,0.9375,0.25
2018-10-11 11:50:35.270000,0.046875,0.9375,0.265625
2018-10-11 11:50:35.280000,0.0625,0.9375,0.25
2018-10-11 11:50:35.290000,0.0625,0.9375,0.25
2018-10-11 11:50:35.301000,0.0625,0.9375,0.25
2018-10-11 11:50:35.311000,0.0625,0.9375,0.25
2018-10-11 11:50:35.322000,0.078125,0.921875,0.25
2018-10-11 11:50:35.332000,0.0625,0.9375,0.25
2018-10-11 11:50:35.342000,0.046875,0.9375,0.25
2018-10-11 11:50:35.353000,0.046875,0.9375,0.25
2018-10-11 11:50:35.363000,0.046875,0.9375,0.25
2018-10-11 11:50:35.374000,0.046875,0.9375,0.25
2018-10-11 11:50:35.384000,0.0625,0.9375,0.25
2018-10-11 11:50:35.395000,0.0625,0.9375,0.25
2018-10-11 11:50:35.405000,0.0625,0.9375,0.25
2018-10-11 11:50:35.415000,0.0625,0.9375,0.25
2018-10-11 11:50:35.426000,0.0625,0.953125,0.25
2018-10-11 11:50:35.436000,0.078125,0.9375,0.25
2018-10-11 11:50:35.447000,0.0625,0.9375,0.25
2018-10-11 11:50:35.457000,0.078125,0.953125,0.25
2018-10-11 11:50:35.467000,0.0625,0.9375,0.25
2018-10-11 11:50:35.478000,0.0625,0.9375,0.25
2018-10-11 11:50:35.488000,0.078125,0.9375,0.25
2018-10-11 11:50:35.499000,0.0625,0.9375,0.25
2018-10-11 11:50:35.509000,0.078125,0.9375,0.25
2018-10-11 11:50:35.520000,0.078125,0.9375,0.25
2018-10-11 11:50:35.530000,0.0625,0.9375,0.25
2018-10-11 11:50:35.540000,0.078125,0.9375,0.234375
2018-10-11 11:50:35.551000,0.078125,0.9375,0.25
2018-10-11 11:50:35.561000,0.078125,0.9375,0.25
2018-10-11 11:50:35.572000,0.078125,0.9375,0.234375
2018-10-11 11:50:35.582000,0.078125,0.9375,0.234375
2018-10-11 11:50:35.592000,0.078125,0.9375,0.234375
2018-10-11 11:50:35.603000,0.09375,0.9375,0.234375
2018-10-11 11:50:35.613000,0.078125,0.953125,0.234375
2018-10-11 11:50:35.624000,0.078125,0.953125,0.234375
2018-10-11 11:50:35.634000,0.078125,0.9375,0.234375
2018-10-11 11:50:35.645000,0.078125,0.9375,0.234375
2018-10-11 11:50:35.655000,0.078125,0.9375,0.234375
2018-10-11 11:50:35.665000,0.078125,0.9375,0.25
2018-10-11 11:50:35.676000,0.078125,0.9375,0.25
2018-10-11 11:50:35.686000,0.0625,0.9375,0.25
2018-10-11 11:50:35.697000,0.0625,0.9375,0.25
2018-10-11 11:50:35.707000,0.0625,0.9375,0.25
2018-10-11 11:50:35.717000,0.0625,0.9375,0.25
2018-10-11 11:50:35.728000,0.0625,0.9375,0.25
2018-10-11 11:50:35.738000,0.0625,0.9375,0.25
2018-10-11 11:50:35.749000,0.0625,0.9375,0.25
2018-10-11 11:50:35.759000,0.0625,0.9375,0.25
2018-10-11 11:50:35.770000,0.0625,0.9375,0.25
2018-10-11 11:50:35.780000,0.0625,0.9375,0.25
2018-10-11 11:50:35.790000,0.0625,0.9375,0.25
2018-10-11 11:50:35.801000,0.0625,0.9375,0.25
2018-10-11 11:50:35.811000,0.0625,0.9375,0.25
2018-10-11 11:50:35.822000,0.0625,0.9375,0.25
2018-10-11 11:50:35.832000,0.046875,0.9375,0.25
2018-10-11 11:50:35.842000,0.046875,0.9375,0.25
2018-10-11 11:50:35.853000,0.0625,0.9375,0.25
2018-10-11 11:50:35.863000,0.046875,0.9375,0.25
2018-10-11 11:50:35.874000,0.0625,0.9375,0.25
2018-10-11 11:50:35.884000,0.0625,0.9375,0.25
2018-10-11 11:50:35.895000,0.0625,0.9375,0.25
2018-10-11 11:50:35.905000,0.0625,0.9375,0.25
2018-10-11 11:50:35.915000,0.0625,0.9375,0.25
2018-10-11 11:50:35.926000,0.0625,0.9375,0.25
2018-10-11 11:50:35.936000,0.0625,0.9375,0.25
2018-10-11 11:50:35.947000,0.0625,0.9375,0.25
2018-10-11 11:50:35.957000,0.0625,0.9375,0.25
2018-10-11 11:50:35.967000,0.046875,0.9375,0.25
2018-10-11 11:50:35.978000,0.046875,0.9375,0.25
2018-10-11 11:50:35.988000,0.0625,0.9375,0.25
2018-10-11 11:50:35.999000,0.0625,0.953125,0.25
2018-10-11 11:50:36.009000,0.0625,0.9375,0.25
2018-10-11 11:50:36.020000,0.0625,0.9375,0.234375
2018-10-11 11:50:36.030000,0.0625,0.9375,0.25
2018-10-11 11:50:36.040000,0.078125,0.9375,0.25
2018-10-11 11:50:36.051000,0.0625,0.9375,0.25
2018-10-11 11:50:36.061000,0.0625,0.9375,0.25
2018-10-11 11:50:36.072000,0.0625,0.9375,0.25
2018-10-11 11:50:36.082000,0.0625,0.9375,0.25
2018-10-11 11:50:36.092000,0.0625,0.9375,0.234375
2018-10-11 11:50:36.103000,0.0625,0.9375,0.25
2018-10-11 11:50:36.113000,0.0625,0.9375,0.25
2018-10-11 11:50:36.124000,0.0625,0.9375,0.25
2018-10-11 11:50:36.134000,0.0625,0.9375,0.25
2018-10-11 11:50:36.145000,0.0625,0.9375,0.25
2018-10-11 11:50:36.155000,0.0625,0.9375,0.25
2018-10-11 11:50:36.165000,0.0625,0.9375,0.25
2018-10-11 11:50:36.176000,0.0625,0.9375,0.25
2018-10-11 11:50:36.186000,0.0625,0.9375,0.25
2018-10-11 11:50:36.197000,0.078125,0.9375,0.25
2018-10-11 11:50:36.207000,0.0625,0.9375,0.25
2018-10-11 11:50:36.217000,0.0625,0.9375,0.25
2018-10-11 11:50:36.228000,0.0625,0.9375,0.25
2018-10-11 11:50:36.238000,0.0625,0.9375,0.25
2018-10-11 11:50:36.249000,0.0625,0.9375,0.25
2018-10-11 11:50:36.259000,0.0625,0.9375,0.25
2018-10-11 11:50:36.270000,0.0625,0.9375,0.25
2018-10-11 11:50:36.280000,0.0625,0.9375,0.25
2018-10-11 11:50:36.290000,0.0625,0.9375,0.25
2018-10-11 11:50:36.300000,0.0625,0.9375,0.25
2018-10-11 11:50:36.311000,0.0625,0.9375,0.25
2018-10-11 11:50:36.321000,0.078125,0.9375,0.25
2018-10-11 11:50:36.332000,0.0625,0.9375,0.25
2018-10-11 11:50:36.342000,0.0625,0.9375,0.25
2018-10-11 11:50:36.352000,0.0625,0.9375,0.25
2018-10-11 11:50:36.362000,0.0625,0.9375,0.25
2018-10-11 11:50:36.373000,0.078125,0.9375,0.25
2018-10-11 11:50:36.383000,0.078125,0.9375,0.25
2018-10-11 11:50:36.394000,0.078125,0.9375,0.25
2018-10-11 11:50:36.404000,0.078125,0.9375,0.25
2018-10-11 11:50:36.414000,0.078125,0.9375,0.25
2018-10-11 11:50:36.424000,0.0625,0.9375,0.25
2018-10-11 11:50:36.435000,0.046875,0.9375,0.265625
2018-10-11 11:50:36.445000,0.046875,0.9375,0.25
2018-10-11 11:50:36.456000,0.046875,0.9375,0.25
2018-10-11 11:50:36.466000,0.046875,0.921875,0.25
2018-10-11 11:50:36.476000,0.0625,0.9375,0.25
2018-10-11 11:50:36.486000,0.046875,0.9375,0.25
2018-10-11 11:50:36.497000,0.0625,0.9375,0.25
2018-10-11 11:50:36.507000,0.0625,0.9375,0.25
2018-10-11 11:50:36.518000,0.078125,0.9375,0.25
2018-10-11 11:50:36.528000,0.0625,0.9375,0.25
2018-10-11 11:50:36.538000,0.078125,0.9375,0.25
2018-10-11 11:50:36.548000,0.078125,0.9375,0.25
2018-10-11 11:50:36.559000,0.0625,0.9375,0.25
2018-10-11 11:50:36.569000,0.078125,0.9375,0.25
2018-10-11 11:50:36.580000,0.078125,0.9375,0.25
2018-10-11 11:50:36.590000,0.078125,0.9375,0.234375
2018-10-11 11:50:36.600000,0.078125,0.9375,0.25
2018-10-11 11:50:36.611000,0.078125,0.9375,0.234375
2018-10-11 11:50:36.621000,0.078125,0.9375,0.234375
2018-10-11 11:50:36.631000,0.078125,0.9375,0.234375
2018-10-11 11:50:36.641000,0.078125,0.9375,0.234375
2018-10-11 11:50:36.652000,0.078125,0.953125,0.234375
2018-10-11 11:50:36.662000,0.078125,0.953125,0.234375
2018-10-11 11:50:36.673000,0.078125,0.9375,0.234375
2018-10-11 11:50:36.683000,0.078125,0.953125,0.234375
2018-10-11 11:50:36.693000,0.078125,0.9375,0.234375
2018-10-11 11:50:36.703000,0.078125,0.9375,0.25
2018-10-11 11:50:36.714000,0.078125,0.953125,0.25
2018-10-11 11:50:36.724000,0.078125,0.953125,0.25
2018-10-11 11:50:36.735000,0.0625,0.953125,0.25
2018-10-11 11:50:36.745000,0.046875,0.9375,0.25
2018-10-11 11:50:36.755000,0.03125,0.9375,0.25
2018-10-11 11:50:36.765000,0.03125,0.953125,0.25
2018-10-11 11:50:36.776000,0.015625,0.9375,0.25
2018-10-11 11:50:36.786000,0.015625,0.9375,0.265625
2018-10-11 11:50:36.797000,0.015625,0.9375,0.25
2018-10-11 11:50:36.807000,0.015625,0.9375,0.265625
2018-10-11 11:50:36.817000,0.015625,0.9375,0.265625
2018-10-11 11:50:36.827000,0.015625,0.921875,0.265625
2018-10-11 11:50:36.838000,0.015625,0.921875,0.265625
2018-10-11 11:50:36.848000,0.015625,0.921875,0.265625
2018-10-11 11:50:36.859000,0.015625,0.9375,0.265625
2018-10-11 11:50:36.869000,0.015625,0.921875,0.28125
2018-10-11 11:50:36.879000,0.015625,0.921875,0.28125
2018-10-11 11:50:36.889000,0.015625,0.921875,0.28125
2018-10-11 11:50:36.900000,0.03125,0.921875,0.28125
2018-10-11 11:50:36.910000,0.03125,0.921875,0.265625
2018-10-11 11:50:36.921000,0.015625,0.9375,0.28125
2018-10-11 11:50:36.931000,0.03125,0.9375,0.265625
2018-10-11 11:50:36.941000,0.03125,0.9375,0.28125
2018-10-11 11:50:36.951000,0.03125,0.9375,0.265625
2018-10-11 11:50:36.962000,0.03125,0.9375,0.265625
2018-10-11 11:50:36.972000,0.03125,0.9375,0.265625
2018-10-11 11:50:36.983000,0.015625,0.9375,0.28125
2018-10-11 11:50:36.993000,0.015625,0.9375,0.28125
2018-10-11 11:50:37.003000,0.015625,0.9375,0.265625
2018-10-11 11:50:37.013000,0.015625,0.9375,0.265625
2018-10-11 11:50:37.024000,0.03125,0.921875,0.28125
2018-10-11 11:50:37.034000,0.03125,0.9375,0.265625
2018-10-11 11:50:37.044000,0.03125,0.9375,0.265625
2018-10-11 11:50:37.055000,0.03125,0.9375,0.265625
2018-10-11 11:50:37.065000,0.03125,0.921875,0.265625
2018-10-11 11:50:37.076000,0.03125,0.9375,0.265625
2018-10-11 11:50:37.086000,0.03125,0.9375,0.265625
2018-10-11 11:50:37.096000,0.046875,0.9375,0.265625
2018-10-11 11:50:37.106000,0.046875,0.9375,0.265625
2018-10-11 11:50:37.117000,0.046875,0.9375,0.265625
2018-10-11 11:50:37.127000,0.046875,0.9375,0.28125
2018-10-11 11:50:37.138000,0.03125,0.921875,0.28125
2018-10-11 11:50:37.148000,0.03125,0.9375,0.265625
2018-10-11 11:50:37.158000,0.03125,0.921875,0.28125
2018-10-11 11:50:37.168000,0.03125,0.9375,0.265625
2018-10-11 11:50:37.179000,0.03125,0.9375,0.28125
2018-10-11 11:50:37.189000,0.015625,0.921875,0.28125
2018-10-11 11:50:37.200000,0.015625,0.921875,0.265625
2018-10-11 11:50:37.210000,0.015625,0.921875,0.28125
2018-10-11 11:50:37.220000,0.0,0.921875,0.28125
2018-10-11 11:50:37.230000,0.0,0.921875,0.28125
2018-10-11 11:50:37.241000,0.0,0.921875,0.28125
2018-10-11 11:50:37.251000,0.0,0.921875,0.28125
2018-10-11 11:50:37.262000,0.0,0.921875,0.28125
2018-10-11 11:50:37.272000,0.0,0.921875,0.28125
2018-10-11 11:50:37.282000,0.0,0.921875,0.28125
2018-10-11 11:50:37.292000,0.0,0.9375,0.28125
2018-10-11 11:50:37.303000,0.015625,0.9375,0.28125
2018-10-11 11:50:37.313000,0.015625,0.9375,0.265625
2018-10-11 11:50:37.324000,0.015625,0.9375,0.28125
2018-10-11 11:50:37.334000,0.015625,0.9375,0.28125
2018-10-11 11:50:37.344000,0.015625,0.921875,0.28125
2018-10-11 11:50:37.354000,0.015625,0.921875,0.28125
2018-10-11 11:50:37.365000,0.015625,0.9375,0.28125
2018-10-11 11:50:37.375000,0.015625,0.9375,0.28125
2018-10-11 11:50:37.386000,0.015625,0.9375,0.28125
2018-10-11 11:50:37.396000,0.015625,0.9375,0.265625
2018-10-11 11:50:37.406000,0.015625,0.921875,0.265625
2018-10-11 11:50:37.416000,0.015625,0.9375,0.265625
2018-10-11 11:50:37.427000,0.015625,0.9375,0.28125
2018-10-11 11:50:37.437000,0.015625,0.9375,0.265625
2018-10-11 11:50:37.447000,0.015625,0.921875,0.28125
2018-10-11 11:50:37.458000,0.015625,0.9375,0.28125
2018-10-11 11:50:37.468000,0.015625,0.921875,0.28125
2018-10-11 11:50:37.479000,0.015625,0.921875,0.265625
2018-10-11 11:50:37.489000,0.015625,0.9375,0.265625
2018-10-11 11:50:37.499000,0.015625,0.921875,0.28125
2018-10-11 11:50:37.509000,0.015625,0.9375,0.265625
2018-10-11 11:50:37.520000,0.015625,0.921875,0.28125
2018-10-11 11:50:37.530000,0.0,0.921875,0.28125
2018-10-11 11:50:37.541000,0.0,0.921875,0.28125
2018-10-11 11:50:37.551000,0.0,0.921875,0.28125
2018-10-11 11:50:37.562000,0.0,0.921875,0.28125
2018-10-11 11:50:37.572000,0.0,0.921875,0.28125
2018-10-11 11:50:37.582000,0.0,0.921875,0.28125
2018-10-11 11:50:37.593000,0.0,0.921875,0.28125
2018-10-11 11:50:37.603000,0.0,0.921875,0.28125
2018-10-11 11:50:37.614000,0.0,0.921875,0.28125
2018-10-11 11:50:37.624000,0.015625,0.921875,0.28125
2018-10-11 11:50:37.634000,0.015625,0.921875,0.28125
2018-10-11 11:50:37.645000,0.015625,0.921875,0.28125
2018-10-11 11:50:37.655000,0.015625,0.921875,0.28125
2018-10-11 11:50:37.666000,0.015625,0.921875,0.28125
2018-10-11 11:50:37.676000,0.015625,0.921875,0.28125
2018-10-11 11:50:37.687000,0.015625,0.921875,0.28125
2018-10-11 11:50:37.697000,0.015625,0.921875,0.28125
2018-10-11 11:50:37.707000,0.015625,0.921875,0.28125
2018-10-11 11:50:37.718000,0.015625,0.921875,0.28125
2018-10-11 11:50:37.728000,0.015625,0.921875,0.28125
2018-10-11 11:50:37.739000,0.015625,0.921875,0.28125
2018-10-11 11:50:37.749000,0.015625,0.921875,0.265625
2018-10-11 11:50:37.759000,0.015625,0.9375,0.265625
2018-10-11 11:50:37.770000,0.015625,0.9375,0.28125
2018-10-11 11:50:37.780000,0.015625,0.9375,0.28125
2018-10-11 11:50:37.791000,0.015625,0.921875,0.265625
2018-10-11 11:50:37.801000,0.015625,0.9375,0.28125
2018-10-11 11:50:37.812000,0.015625,0.9375,0.28125
2018-10-11 11:50:37.822000,0.015625,0.9375,0.28125
2018-10-11 11:50:37.832000,0.015625,0.9375,0.265625
2018-10-11 11:50:37.843000,0.015625,0.9375,0.265625
2018-10-11 11:50:37.853000,0.015625,0.9375,0.265625
2018-10-11 11:50:37.864000,0.015625,0.9375,0.265625
2018-10-11 11:50:37.874000,0.015625,0.9375,0.265625
2018-10-11 11:50:37.884000,0.015625,0.9375,0.265625
2018-10-11 11:50:37.895000,0.015625,0.921875,0.265625
2018-10-11 11:50:37.905000,0.015625,0.9375,0.265625
2018-10-11 11:50:37.916000,0.015625,0.9375,0.265625
2018-10-11 11:50:37.926000,0.015625,0.9375,0.265625
2018-10-11 11:50:37.937000,0.0,0.921875,0.265625
2018-10-11 11:50:37.947000,0.015625,0.921875,0.28125
2018-10-11 11:50:37.957000,0.015625,0.9375,0.28125
2018-10-11 11:50:37.968000,0.015625,0.9375,0.265625
2018-10-11 11:50:37.978000,0.015625,0.9375,0.28125
2018-10-11 11:50:37.989000,0.015625,0.9375,0.265625
2018-10-11 11:50:37.999000,0.015625,0.921875,0.265625
2018-10-11 11:50:38.009000,0.015625,0.921875,0.265625
2018-10-11 11:50:38.020000,0.015625,0.9375,0.265625
2018-10-11 11:50:38.030000,0.015625,0.9375,0.265625
2018-10-11 11:50:38.041000,0.015625,0.9375,0.265625
2018-10-11 11:50:38.051000,0.015625,0.921875,0.28125
2018-10-11 11:50:38.062000,0.015625,0.9375,0.265625
2018-10-11 11:50:38.072000,0.015625,0.9375,0.265625
2018-10-11 11:50:38.082000,0.015625,0.9375,0.265625
2018-10-11 11:50:38.093000,0.015625,0.9375,0.265625
2018-10-11 11:50:38.103000,0.015625,0.921875,0.265625
2018-10-11 11:50:38.114000,0.015625,0.9375,0.265625
2018-10-11 11:50:38.124000,0.015625,0.9375,0.265625
2018-10-11 11:50:38.134000,0.03125,0.9375,0.265625
2018-10-11 11:50:38.145000,0.03125,0.9375,0.265625
2018-10-11 11:50:38.155000,0.03125,0.9375,0.265625
2018-10-11 11:50:38.166000,0.03125,0.9375,0.265625
2018-10-11 11:50:38.176000,0.03125,0.9375,0.265625
2018-10-11 11:50:38.187000,0.03125,0.9375,0.265625
2018-10-11 11:50:38.197000,0.03125,0.9375,0.265625
2018-10-11 11:50:38.207000,0.015625,0.9375,0.265625
2018-10-11 11:50:38.218000,0.015625,0.9375,0.265625
2018-10-11 11:50:38.228000,0.03125,0.9375,0.25
2018-10-11 11:50:38.239000,0.03125,0.9375,0.25
2018-10-11 11:50:38.249000,0.03125,0.9375,0.25
2018-10-11 11:50:38.259000,0.03125,0.9375,0.25
2018-10-11 11:50:38.270000,0.03125,0.953125,0.234375
2018-10-11 11:50:38.280000,0.03125,0.9375,0.234375
2018-10-11 11:50:38.291000,0.03125,0.9375,0.25
2018-10-11 11:50:38.301000,0.03125,0.953125,0.25
2018-10-11 11:50:38.312000,0.015625,0.9375,0.25
2018-10-11 11:50:38.322000,0.015625,0.953125,0.25
2018-10-11 11:50:38.332000,0.015625,0.9375,0.25
2018-10-11 11:50:38.343000,0.015625,0.9375,0.25
2018-10-11 11:50:38.353000,0.015625,0.9375,0.25
2018-10-11 11:50:38.364000,0.0,0.9375,0.25
2018-10-11 11:50:38.374000,0.015625,0.9375,0.25
2018-10-11 11:50:38.384000,0.015625,0.9375,0.25
2018-10-11 11:50:38.395000,0.015625,0.9375,0.25
2018-10-11 11:50:38.405000,0.015625,0.9375,0.25
2018-10-11 11:50:38.416000,0.015625,0.9375,0.265625
2018-10-11 11:50:38.426000,0.015625,0.9375,0.25
2018-10-11 11:50:38.437000,0.015625,0.9375,0.25
2018-10-11 11:50:38.447000,0.015625,0.9375,0.25
2018-10-11 11:50:38.457000,0.015625,0.9375,0.25
2018-10-11 11:50:38.468000,0.015625,0.9375,0.25
2018-10-11 11:50:38.478000,0.03125,0.9375,0.25
2018-10-11 11:50:38.489000,0.03125,0.9375,0.25
2018-10-11 11:50:38.499000,0.03125,0.9375,0.25
2018-10-11 11:50:38.509000,0.03125,0.9375,0.25
2018-10-11 11:50:38.520000,0.03125,0.9375,0.25
2018-10-11 11:50:38.530000,0.03125,0.953125,0.25
2018-10-11 11:50:38.541000,0.03125,0.953125,0.25
2018-10-11 11:50:38.551000,0.046875,0.9375,0.25
2018-10-11 11:50:38.562000,0.03125,0.9375,0.25
2018-10-11 11:50:38.572000,0.03125,0.9375,0.25
2018-10-11 11:50:38.582000,0.03125,0.9375,0.25
2018-10-11 11:50:38.593000,0.03125,0.9375,0.25
2018-10-11 11:50:38.603000,0.03125,0.9375,0.25
2018-10-11 11:50:38.614000,0.03125,0.9375,0.25
2018-10-11 11:50:38.624000,0.03125,0.9375,0.25
2018-10-11 11:50:38.634000,0.03125,0.9375,0.25
2018-10-11 11:50:38.645000,0.03125,0.9375,0.25
2018-10-11 11:50:38.655000,0.03125,0.9375,0.25
2018-10-11 11:50:38.666000,0.03125,0.9375,0.25
2018-10-11 11:50:38.676000,0.03125,0.9375,0.25
2018-10-11 11:50:38.687000,0.03125,0.9375,0.25
2018-10-11 11:50:38.697000,0.03125,0.9375,0.25
2018-10-11 11:50:38.707000,0.03125,0.9375,0.25
2018-10-11 11:50:38.718000,0.015625,0.9375,0.25
2018-10-11 11:50:38.728000,0.015625,0.9375,0.25
2018-10-11 11:50:38.739000,0.03125,0.9375,0.234375
2018-10-11 11:50:38.749000,0.03125,0.9375,0.234375
2018-10-11 11:50:38.759000,0.03125,0.9375,0.234375
2018-10-11 11:50:38.770000,0.03125,0.9375,0.234375
2018-10-11 11:50:38.780000,0.015625,0.953125,0.234375
2018-10-11 11:50:38.791000,0.03125,0.953125,0.25
2018-10-11 11:50:38.801000,0.03125,0.953125,0.25
2018-10-11 11:50:38.811000,0.03125,0.9375,0.234375
2018-10-11 11:50:38.821000,0.03125,0.9375,0.234375
2018-10-11 11:50:38.832000,0.03125,0.953125,0.25
2018-10-11 11:50:38.842000,0.03125,0.9375,0.25
2018-10-11 11:50:38.853000,0.03125,0.9375,0.25
2018-10-11 11:50:38.863000,0.03125,0.9375,0.25
2018-10-11 11:50:38.873000,0.03125,0.9375,0.265625
2018-10-11 11:50:38.883000,0.03125,0.9375,0.25
2018-10-11 11:50:38.894000,0.03125,0.9375,0.265625
2018-10-11 11:50:38.904000,0.03125,0.9375,0.25
2018-10-11 11:50:38.915000,0.03125,0.9375,0.25
2018-10-11 11:50:38.925000,0.03125,0.9375,0.25
2018-10-11 11:50:38.935000,0.03125,0.9375,0.25
2018-10-11 11:50:38.945000,0.03125,0.9375,0.25
2018-10-11 11:50:38.956000,0.03125,0.9375,0.25
2018-10-11 11:50:38.966000,0.03125,0.9375,0.25
2018-10-11 11:50:38.977000,0.03125,0.9375,0.25
2018-10-11 11:50:38.987000,0.03125,0.9375,0.25
2018-10-11 11:50:38.997000,0.015625,0.9375,0.25
2018-10-11 11:50:39.007000,0.03125,0.9375,0.25
2018-10-11 11:50:39.018000,0.015625,0.9375,0.25
2018-10-11 11:50:39.028000,0.015625,0.9375,0.25
2018-10-11 11:50:39.039000,0.03125,0.9375,0.25
2018-10-11 11:50:39.049000,0.015625,0.9375,0.25
2018-10-11 11:50:39.059000,0.015625,0.9375,0.25
2018-10-11 11:50:39.069000,0.03125,0.9375,0.25
2018-10-11 11:50:39.080000,0.015625,0.9375,0.25
2018-10-11 11:50:39.090000,0.03125,0.9375,0.25
2018-10-11 11:50:39.101000,0.03125,0.9375,0.25
2018-10-11 11:50:39.111000,0.03125,0.9375,0.25
2018-10-11 11:50:39.121000,0.03125,0.9375,0.25
2018-10-11 11:50:39.131000,0.03125,0.9375,0.25
2018-10-11 11:50:39.142000,0.03125,0.9375,0.25
2018-10-11 11:50:39.152000,0.03125,0.9375,0.25
2018-10-11 11:50:39.163000,0.03125,0.9375,0.25
2018-10-11 11:50:39.173000,0.03125,0.9375,0.25
2018-10-11 11:50:39.183000,0.03125,0.9375,0.25
2018-10-11 11:50:39.194000,0.03125,0.9375,0.25
2018-10-11 11:50:39.204000,0.03125,0.9375,0.25
2018-10-11 11:50:39.214000,0.03125,0.9375,0.25
2018-10-11 11:50:39.224000,0.015625,0.9375,0.25
2018-10-11 11:50:39.235000,0.03125,0.9375,0.25
2018-10-11 11:50:39.245000,0.03125,0.9375,0.25
2018-10-11 11:50:39.256000,0.03125,0.9375,0.25
2018-10-11 11:50:39.266000,0.03125,0.9375,0.25
2018-10-11 11:50:39.276000,0.03125,0.9375,0.25
2018-10-11 11:50:39.286000,0.03125,0.9375,0.25
2018-10-11 11:50:39.297000,0.03125,0.9375,0.25
2018-10-11 11:50:39.307000,0.03125,0.9375,0.25
2018-10-11 11:50:39.318000,0.03125,0.9375,0.25
2018-10-11 11:50:39.328000,0.015625,0.9375,0.25
2018-10-11 11:50:39.338000,0.03125,0.9375,0.25
2018-10-11 11:50:39.348000,0.015625,0.9375,0.25
2018-10-11 11:50:39.359000,0.015625,0.9375,0.265625
2018-10-11 11:50:39.369000,0.015625,0.9375,0.25
2018-10-11 11:50:39.380000,0.03125,0.921875,0.25
2018-10-11 11:50:39.390000,0.03125,0.9375,0.25
2018-10-11 11:50:39.400000,0.03125,0.9375,0.25
2018-10-11 11:50:39.410000,0.015625,0.9375,0.25
2018-10-11 11:50:39.421000,0.03125,0.9375,0.25
2018-10-11 11:50:39.431000,0.03125,0.9375,0.25
2018-10-11 11:50:39.442000,0.03125,0.9375,0.25
2018-10-11 11:50:39.452000,0.03125,0.9375,0.25
2018-10-11 11:50:39.462000,0.03125,0.9375,0.25
2018-10-11 11:50:39.472000,0.03125,0.9375,0.25
2018-10-11 11:50:39.483000,0.03125,0.9375,0.25
2018-10-11 11:50:39.493000,0.03125,0.9375,0.25
2018-10-11 11:50:39.504000,0.046875,0.9375,0.25
2018-10-11 11:50:39.514000,0.03125,0.9375,0.25
2018-10-11 11:50:39.524000,0.03125,0.9375,0.234375
2018-10-11 11:50:39.534000,0.046875,0.9375,0.234375
2018-10-11 11:50:39.545000,0.03125,0.9375,0.25
2018-10-11 11:50:39.555000,0.03125,0.953125,0.234375
2018-10-11 11:50:39.566000,0.03125,0.953125,0.234375
2018-10-11 11:50:39.576000,0.03125,0.9375,0.234375
2018-10-11 11:50:39.586000,0.03125,0.953125,0.234375
2018-10-11 11:50:39.597000,0.03125,0.9375,0.25
2018-10-11 11:50:39.607000,0.03125,0.9375,0.25
2018-10-11 11:50:39.617000,0.03125,0.953125,0.25
2018-10-11 11:50:39.627000,0.046875,0.9375,0.234375
2018-10-11 11:50:39.638000,0.046875,0.9375,0.25
2018-10-11 11:50:39.648000,0.03125,0.9375,0.25
2018-10-11 11:50:39.659000,0.03125,0.9375,0.25
2018-10-11 11:50:39.669000,0.046875,0.953125,0.25
2018-10-11 11:50:39.679000,0.03125,0.9375,0.234375
2018-10-11 11:50:39.689000,0.046875,0.9375,0.25
2018-10-11 11:50:39.700000,0.046875,0.953125,0.234375
2018-10-11 11:50:39.710000,0.03125,0.9375,0.25
2018-10-11 11:50:39.721000,0.03125,0.9375,0.25
2018-10-11 11:50:39.731000,0.03125,0.9375,0.25
2018-10-11 11:50:39.741000,0.03125,0.9375,0.25
2018-10-11 11:50:39.751000,0.03125,0.9375,0.25
2018-10-11 11:50:39.762000,0.03125,0.9375,0.25
2018-10-11 11:50:39.772000,0.03125,0.9375,0.25
2018-10-11 11:50:39.783000,0.03125,0.9375,0.25
2018-10-11 11:50:39.793000,0.03125,0.9375,0.25
2018-10-11 11:50:39.803000,0.03125,0.9375,0.25
2018-10-11 11:50:39.813000,0.03125,0.9375,0.25
2018-10-11 11:50:39.824000,0.03125,0.9375,0.25
2018-10-11 11:50:39.834000,0.03125,0.9375,0.25
2018-10-11 11:50:39.845000,0.03125,0.9375,0.25
2018-10-11 11:50:39.855000,0.03125,0.9375,0.25
2018-10-11 11:50:39.865000,0.03125,0.9375,0.25
2018-10-11 11:50:39.875000,0.015625,0.953125,0.25
2018-10-11 11:50:39.886000,0.0,0.9375,0.25
2018-10-11 11:50:39.896000,0.03125,0.9375,0.25
2018-10-11 11:50:39.907000,0.078125,0.953125,0.234375
2018-10-11 11:50:39.917000,0.0625,0.9375,0.25
2018-10-11 11:50:39.927000,0.0625,0.9375,0.25
2018-10-11 11:50:39.937000,0.046875,0.9375,0.25
2018-10-11 11:50:39.948000,0.0625,0.9375,0.25
2018-10-11 11:50:39.958000,0.0625,0.9375,0.25
2018-10-11 11:50:39.969000,0.0625,0.9375,0.25
2018-10-11 11:50:39.979000,0.046875,0.9375,0.265625
2018-10-11 11:50:39.989000,0.046875,0.9375,0.25
2018-10-11 11:50:40,0.046875,0.9375,0.25
2018-10-11 11:50:40.010000,0.046875,0.9375,0.25
2018-10-11 11:50:40.020000,0.046875,0.9375,0.25
2018-10-11 11:50:40.030000,0.03125,0.9375,0.25
2018-10-11 11:50:40.041000,0.03125,0.9375,0.25
2018-10-11 11:50:40.051000,0.03125,0.9375,0.25
2018-10-11 11:50:40.062000,0.03125,0.9375,0.25
2018-10-11 11:50:40.072000,0.046875,0.9375,0.25
2018-10-11 11:50:40.082000,0.046875,0.9375,0.25
2018-10-11 11:50:40.092000,0.046875,0.9375,0.265625
2018-10-11 11:50:40.103000,0.046875,0.9375,0.265625
2018-10-11 11:50:40.113000,0.03125,0.9375,0.265625
2018-10-11 11:50:40.124000,0.046875,0.9375,0.265625
2018-10-11 11:50:40.134000,0.03125,0.921875,0.265625
2018-10-11 11:50:40.144000,0.046875,0.9375,0.265625
2018-10-11 11:50:40.154000,0.03125,0.9375,0.265625
2018-10-11 11:50:40.165000,0.03125,0.9375,0.265625
2018-10-11 11:50:40.175000,0.046875,0.9375,0.265625
2018-10-11 11:50:40.186000,0.03125,0.9375,0.265625
2018-10-11 11:50:40.196000,0.03125,0.9375,0.25
2018-10-11 11:50:40.206000,0.046875,0.9375,0.25
2018-10-11 11:50:40.216000,0.046875,0.9375,0.25
2018-10-11 11:50:40.227000,0.046875,0.9375,0.25
2018-10-11 11:50:40.237000,0.03125,0.953125,0.25
2018-10-11 11:50:40.248000,0.03125,0.953125,0.25
2018-10-11 11:50:40.258000,0.046875,0.953125,0.234375
2018-10-11 11:50:40.268000,0.03125,0.953125,0.234375
2018-10-11 11:50:40.278000,0.03125,0.953125,0.25
2018-10-11 11:50:40.289000,0.046875,0.953125,0.234375
2018-10-11 11:50:40.299000,0.046875,0.953125,0.234375
2018-10-11 11:50:40.310000,0.046875,0.953125,0.234375
2018-10-11 11:50:40.320000,0.046875,0.953125,0.234375
2018-10-11 11:50:40.330000,0.046875,0.953125,0.234375
2018-10-11 11:50:40.340000,0.03125,0.9375,0.234375
2018-10-11 11:50:40.351000,0.046875,0.953125,0.25
2018-10-11 11:50:40.361000,0.03125,0.953125,0.234375
2018-10-11 11:50:40.372000,0.03125,0.953125,0.234375
2018-10-11 11:50:40.382000,0.03125,0.953125,0.25
2018-10-11 11:50:40.392000,0.015625,0.9375,0.25
2018-10-11 11:50:40.402000,0.015625,0.953125,0.25
2018-10-11 11:50:40.413000,0.03125,0.9375,0.25
2018-10-11 11:50:40.423000,0.015625,0.9375,0.25
2018-10-11 11:50:40.433000,0.03125,0.9375,0.25
2018-10-11 11:50:40.444000,0.03125,0.9375,0.25
2018-10-11 11:50:40.454000,0.03125,0.9375,0.25
2018-10-11 11:50:40.465000,0.03125,0.9375,0.25
2018-10-11 11:50:40.475000,0.03125,0.9375,0.265625
2018-10-11 11:50:40.485000,0.03125,0.9375,0.25
2018-10-11 11:50:40.495000,0.015625,0.9375,0.265625
2018-10-11 11:50:40.506000,0.03125,0.9375,0.265625
2018-10-11 11:50:40.516000,0.03125,0.9375,0.265625
2018-10-11 11:50:40.527000,0.03125,0.9375,0.265625
2018-10-11 11:50:40.537000,0.03125,0.9375,0.265625
2018-10-11 11:50:40.547000,0.03125,0.9375,0.265625
2018-10-11 11:50:40.557000,0.03125,0.9375,0.25
2018-10-11 11:50:40.568000,0.03125,0.9375,0.25
2018-10-11 11:50:40.578000,0.03125,0.9375,0.25
2018-10-11 11:50:40.589000,0.03125,0.9375,0.25
2018-10-11 11:50:40.599000,0.03125,0.9375,0.25
2018-10-11 11:50:40.609000,0.03125,0.9375,0.25
2018-10-11 11:50:40.619000,0.03125,0.9375,0.265625
2018-10-11 11:50:40.630000,0.03125,0.9375,0.25
2018-10-11 11:50:40.640000,0.03125,0.9375,0.25
2018-10-11 11:50:40.651000,0.03125,0.9375,0.25
2018-10-11 11:50:40.661000,0.03125,0.9375,0.25
2018-10-11 11:50:40.671000,0.03125,0.9375,0.265625
2018-10-11 11:50:40.681000,0.03125,0.9375,0.265625
2018-10-11 11:50:40.692000,0.03125,0.9375,0.265625
2018-10-11 11:50:40.702000,0.03125,0.9375,0.265625
2018-10-11 11:50:40.713000,0.03125,0.9375,0.265625
2018-10-11 11:50:40.723000,0.03125,0.9375,0.265625
2018-10-11 11:50:40.733000,0.03125,0.9375,0.265625
2018-10-11 11:50:40.743000,0.015625,0.9375,0.265625
2018-10-11 11:50:40.754000,0.015625,0.9375,0.265625
2018-10-11 11:50:40.764000,0.03125,0.9375,0.265625
2018-10-11 11:50:40.775000,0.03125,0.9375,0.265625
2018-10-11 11:50:40.785000,0.03125,0.9375,0.265625
2018-10-11 11:50:40.795000,0.03125,0.9375,0.265625
2018-10-11 11:50:40.805000,0.03125,0.9375,0.265625
2018-10-11 11:50:40.816000,0.03125,0.9375,0.265625
2018-10-11 11:50:40.826000,0.03125,0.921875,0.265625
2018-10-11 11:50:40.836000,0.03125,0.9375,0.265625
2018-10-11 11:50:40.847000,0.03125,0.9375,0.265625
2018-10-11 11:50:40.857000,0.03125,0.9375,0.265625
2018-10-11 11:50:40.868000,0.03125,0.9375,0.265625
2018-10-11 11:50:40.878000,0.03125,0.9375,0.265625
2018-10-11 11:50:40.888000,0.03125,0.9375,0.265625
2018-10-11 11:50:40.898000,0.015625,0.9375,0.265625
2018-10-11 11:50:40.909000,0.03125,0.9375,0.265625
2018-10-11 11:50:40.919000,0.03125,0.9375,0.265625
2018-10-11 11:50:40.930000,0.03125,0.9375,0.265625
2018-10-11 11:50:40.940000,0.03125,0.9375,0.265625
2018-10-11 11:50:40.950000,0.03125,0.9375,0.265625
2018-10-11 11:50:40.960000,0.03125,0.921875,0.265625
2018-10-11 11:50:40.971000,0.03125,0.9375,0.265625
2018-10-11 11:50:40.981000,0.015625,0.9375,0.265625
2018-10-11 11:50:40.992000,0.03125,0.9375,0.265625
2018-10-11 11:50:41.002000,0.03125,0.921875,0.265625
2018-10-11 11:50:41.012000,0.03125,0.9375,0.265625
2018-10-11 11:50:41.022000,0.03125,0.9375,0.265625
2018-10-11 11:50:41.033000,0.03125,0.9375,0.265625
2018-10-11 11:50:41.043000,0.03125,0.9375,0.265625
2018-10-11 11:50:41.054000,0.015625,0.9375,0.265625
2018-10-11 11:50:41.064000,0.015625,0.9375,0.265625
2018-10-11 11:50:41.074000,0.015625,0.9375,0.265625
2018-10-11 11:50:41.084000,0.015625,0.9375,0.265625
2018-10-11 11:50:41.095000,0.03125,0.9375,0.265625
2018-10-11 11:50:41.105000,0.015625,0.9375,0.28125
2018-10-11 11:50:41.116000,0.03125,0.9375,0.265625
2018-10-11 11:50:41.126000,0.015625,0.9375,0.265625
2018-10-11 11:50:41.136000,0.015625,0.9375,0.265625
2018-10-11 11:50:41.146000,0.015625,0.9375,0.265625
2018-10-11 11:50:41.157000,0.015625,0.9375,0.265625
2018-10-11 11:50:41.167000,0.015625,0.9375,0.265625
2018-10-11 11:50:41.178000,0.03125,0.9375,0.28125
2018-10-11 11:50:41.188000,0.015625,0.921875,0.265625
2018-10-11 11:50:41.198000,0.015625,0.9375,0.28125
2018-10-11 11:50:41.208000,0.015625,0.9375,0.265625
2018-10-11 11:50:41.219000,0.0,0.9375,0.28125
2018-10-11 11:50:41.229000,0.015625,0.921875,0.28125
2018-10-11 11:50:41.240000,0.015625,0.9375,0.28125
2018-10-11 11:50:41.250000,0.015625,0.921875,0.28125
2018-10-11 11:50:41.260000,0.0,0.921875,0.28125
2018-10-11 11:50:41.270000,0.015625,0.921875,0.28125
2018-10-11 11:50:41.281000,0.015625,0.921875,0.265625
2018-10-11 11:50:41.291000,0.015625,0.9375,0.265625
2018-10-11 11:50:41.302000,0.015625,0.921875,0.28125
2018-10-11 11:50:41.312000,0.03125,0.9375,0.265625
2018-10-11 11:50:41.322000,0.03125,0.921875,0.265625
2018-10-11 11:50:41.333000,0.015625,0.9375,0.265625
2018-10-11 11:50:41.343000,0.015625,0.9375,0.25
